Market_ID,Market_name,population_2019,Population_growth,Income_per_capita
30001,Afognak Lake,10000,0,10000
32149,Hickory,10000,0,31380
34975,Searcy,10000,0,31657
33782,Fulton,10000,0,31840
31742,Scott,10000,0,32290
31339,Dillon,10000,0,33030
33999,Ozark,10000,0,33722
30949,Murray,10000,0,33841
31009,Carroll,10000,0,34692
36527,Okeechobee,10000,0,34998
34993,Sumter,10000,0,35310
33556,Marlboro,10000,0,35748
33775,Nevada,10000,0,35808
31733,Perry,10000,0,36217
30557,Bradford,10000,0,36301
35954,Marion,10000,0,36330
33595,Marion,10000,0,36330
33410,Marion,10000,0,36330
33947,Oscoda,10000,0,36374
34629,Russell,10000,0,36526
30641,Baker,10000,0,36552
30216,Athens,10000,0,36642
30400,Athens,10000,0,36642
33389,Athens,10000,0,36642
33058,Pickens,10000,0,36861
33773,Overton,10000,0,37105
32873,Lamar,10000,0,37161
34215,Powell,10000,0,37224
33302,Howell,10000,0,37414
35397,Cleburne,10000,0,37734
33155,Macon,10000,0,37834
33106,Laurel,10000,0,37869
32596,Laurel,10000,0,37869
34599,Covington,10000,0,37930
35963,Clarendon,10000,0,38001
35761,Phillips,10000,0,38155
36784,Monroe,10000,0,38192
33377,Monroe,10000,0,38192
36698,Monroe,10000,0,38192
30380,Talladega,10000,0,38300
36529,Northampton,10000,0,38402
30389,Ashley,10000,0,38489
31840,Gadsden,10000,0,38507
30701,Barnwell,10000,0,38682
33828,Orangeburg,10000,0,38730
31083,Concordia,10000,0,38891
33887,Socorro,10000,0,39055
36549,Osceola,10000,0,39210
30834,Boundary,10000,0,39272
33287,Mitchell,10000,0,39711
33350,Muskogee,10000,0,39894
30796,Butler,10000,0,39988
30780,Butler,10000,0,39988
33369,Marshall,10000,0,40045
33392,Marshall,10000,0,40045
33291,Marshall,10000,0,40045
30378,Marshall,10000,0,40045
33478,Grenada,10000,0,40296
30107,Barrow,10000,0,40435
36652,Jasper,10000,0,40541
30336,Jasper,10000,0,40541
35886,Woodward,10000,0,40710
31880,Gladwin,10000,0,40772
35869,Duchesne,10000,0,40780
35502,Tunica,10000,0,40994
33810,Nacogdoches,10000,0,41188
30961,Craig,10000,0,41477
31004,Craig,10000,0,41477
34579,Roosevelt,10000,0,41531
35435,Darlington,10000,0,41928
36357,Delta,10000,0,42127
31424,Delta,10000,0,42127
36539,Oxford,10000,0,42327
35481,Oxford,10000,0,42327
36494,Oxford,10000,0,42327
35939,Jerome,10000,0,42332
31467,Wheatland,10000,0,42348
32523,Juneau,10000,0,42620
36783,Cullman,10000,0,42659
30722,Bartow,10000,0,42734
35342,Taos,10000,0,42965
30272,Alamosa,10000,0,42974
36754,Ashland,10000,0,43041
35978,Ashland,10000,0,43041
30388,Ashland,10000,0,43041
32223,Ashland,10000,0,43041
34892,Somerset,10000,0,43134
33763,Oceana,10000,0,43261
35069,Seward,10000,0,43606
32235,Hughes,10000,0,43758
36463,Wadena,10000,0,43925
33344,Muskegon,10000,0,44000
34607,Seneca,10000,0,44065
35389,Twin Falls,10000,0,44112
35685,Payette,10000,0,44312
33459,Marquette,10000,0,44445
32332,Imperial,10000,0,44500
31994,Goshen,10000,0,44562
34830,Montague,10000,0,44790
36469,Montague,10000,0,44790
35535,Cheboygan,10000,0,44801
36872,Louisa,10000,0,44821
36764,Terrell,10000,0,44976
35668,Deer Lodge,10000,0,45039
36721,Effingham,10000,0,45069
32955,LaGrange,10000,0,45115
35511,Uvalde,10000,0,45255
34000,Montrose,10000,0,45262
31490,Edwards,10000,0,45295
31297,Defiance,10000,0,45385
31383,Sebastian,10000,0,45586
34490,Red River,10000,0,45680
30333,Alpena,10000,0,45685
35651,Custer,10000,0,45691
33124,Wells,10000,0,45704
31174,Cortland,10000,0,45776
34865,Sandusky,10000,0,46113
34617,Comanche,10000,0,46141
31704,Leavenworth,10000,0,46176
30567,Bedford,10000,0,46246
30540,Bedford,10000,0,46246
34001,Bedford,10000,0,46246
36502,Beaufort,10000,0,46363
30569,Beaufort,10000,0,46363
30069,Bear Lake,10000,0,46370
32207,Harrison,10000,0,46468
34054,Pendleton,10000,0,46524
33927,Florence,10000,0,46749
31699,Florence,10000,0,46749
31601,Eureka,10000,0,46792
30731,Brunswick,10000,0,46829
33674,Brunswick,10000,0,46829
32314,Kankakee,10000,0,46988
34915,Snyder,10000,0,47000
30224,Aiken,10000,0,47118
31105,Coleman,10000,0,47128
34081,Page,10000,0,47321
30967,Cape Girardeau,10000,0,47386
32996,Limestone,10000,0,47695
34962,Spencer,10000,0,47890
35759,Wharton,10000,0,48384
33031,Wise,10000,0,48435
30879,Caribou,10000,0,48595
31566,Keokuk,10000,0,48599
34613,Wasco,10000,0,48643
31257,Daggett,10000,0,48761
35648,Gallatin,10000,0,48856
36509,Carlisle,10000,0,48900
33622,Currituck,10000,0,49152
35655,Cameron,10000,0,49224
30715,Brookings,10000,0,49278
30655,Brookings,10000,0,49278
36879,Meeker,10000,0,49478
33409,Marinette,10000,0,49557
31677,Fillmore,10000,0,49630
36831,Waupaca,10000,0,49711
34289,Price,10000,0,49837
32260,Shenandoah,10000,0,49948
35850,San Juan,10000,0,50039
34819,San Juan,10000,0,50039
35948,Kimball,10000,0,50075
32945,Lexington,10000,0,50188
33132,Lexington,10000,0,50188
35274,Lexington,10000,0,50188
32255,Hays,10000,0,50212
36451,Gregory,10000,0,50244
30442,Andrews,10000,0,50248
30779,Butte,10000,0,50279
31525,Elko,10000,0,50429
34371,Culpeper,10000,0,50509
34557,Stafford,10000,0,50623
34812,Sheridan,10000,0,50691
33512,Manitowoc,10000,0,50829
32297,Kingman,10000,0,50889
32012,Gunnison,10000,0,51025
31207,Clinton,10000,0,51095
31830,Clinton,10000,0,51095
36876,Clinton,10000,0,51095
36525,Clinton,10000,0,51095
31048,Clinton,10000,0,51095
33527,Muscatine,10000,0,51135
35014,St. Joseph,10000,0,51141
30915,Charles City,10000,0,51498
33959,Kosciusko,10000,0,51687
30275,Walla Walla,10000,0,51767
31230,Chatham,10000,0,51805
35427,Chatham,10000,0,51805
30853,Brazoria,10000,0,51812
32281,Indiana,10000,0,51926
33646,Blair,10000,0,52096
33118,Livingston,10000,0,52100
31471,Eau Claire,10000,0,52141
33452,Macomb,10000,0,52195
33881,Winona,10000,0,52198
36506,Brewster,10000,0,52483
36846,Llano,10000,0,52538
33001,Lebanon,10000,0,52743
35270,Lebanon,10000,0,52743
31693,Fond Du Lac,10000,0,52813
34203,Pocahontas,10000,0,53074
32185,Huron,10000,0,53638
34281,Pratt,10000,0,53750
35078,Sweetwater,10000,0,54000
30615,El Paso,10000,0,54151
31706,Fallon,10000,0,54203
36570,Sussex,10000,0,54352
33076,La Crosse,10000,0,54532
35245,Teller,10000,0,54587
32888,Laramie,10000,0,55094
33501,Marathon,10000,0,55136
35273,Pulaski,10000,0,55563
34695,Sheboygan,10000,0,55616
30017,Red Lake,10000,0,55620
36102,Yankton,10000,0,55638
36822,Atlantic,10000,0,55802
34589,Roseau,10000,0,55999
36718,Delaware,10000,0,56097
31173,Cottonwood,10000,0,56130
31153,Carson City,10000,0,56510
30812,St. James,10000,0,56880
35485,Queens,10000,0,57085
35725,Beaver,10000,0,57190
36429,Ada,10000,0,57215
34648,Rutland,10000,0,57283
31202,Charlevoix,10000,0,57289
31389,Colusa,10000,0,57382
30190,Nebraska,10000,0,57570
31898,Grand Forks,10000,0,57659
35975,Mariposa,10000,0,57828
36644,York,10000,0,58038
35203,York,10000,0,58038
36467,Jefferson,10000,0,58424
32479,Jefferson,10000,0,58424
33447,McPherson,10000,0,58438
32599,Bennington,10000,0,59131
32236,Hutchinson,10000,0,59341
31441,DuBois,10000,0,59524
33621,Shelby,10000,0,59588
36520,Medina,10000,0,60514
35650,Chelan,10000,0,60518
33200,McCook,10000,0,60576
32581,Stanley,10000,0,60870
32807,St. Mary's,10000,0,61144
31468,Kearney,10000,0,61585
34674,Santa Fe,10000,0,63004
31315,Dickinson,10000,0,63319
35015,Sterling,10000,0,63329
34605,Sterling,10000,0,63329
30464,Williams,10000,0,64850
34657,Rawlins,10000,0,65230
31597,Eastland,10000,0,65416
34539,Rockland,10000,0,66350
32190,Hot Springs,10000,0,67005
35538,Hot Springs,10000,0,67005
32215,Hot Springs,10000,0,67005
36820,Litchfield,10000,0,67118
31735,Ventura,10000,0,67422
35882,Cape May,10000,0,67836
34689,Santa Barbara,10000,0,67879
35533,Cimarron,10000,0,68446
30823,Bowman,10000,0,68963
33523,Moultrie,10000,0,69297
30010,Hudson,10000,0,71682
31531,El Dorado,10000,0,72662
34160,Pembina,10000,0,72827
33026,Lander,10000,0,72931
36706,New Jersey,10000,0,73460
34837,St. Johns,10000,0,73944
32883,Los Alamos,10000,0,76142
30033,Alpine,10000,0,76175
30259,Alpine,10000,0,76175
34670,Saratoga,10000,0,77398
35470,Summit,10000,0,77754
31440,Douglas,10000,0,78980
31303,Douglas,10000,0,78980
30888,Cumberland,10000,0,80116
36624,Rockingham,10000,0,80220
35094,Stanton,10000,0,85633
31463,Eagle,10000,0,87872
31503,Eagle,10000,0,87872
36841,Chester,10000,0,91927
30154,Nantucket,10000,0,114832
36733,Brawley,10000,0,10000
30003,Granite Mountain,10000,0,10000
30004,Lik,10000,0,10000
30005,Little Squaw,10000,0,10000
30006,Kizhuyak,10000,0,10000
30007,Klawock,10000,0,10000
30008,Elizabeth Island,10000,0,10000
30009,Homer,10000,0,10000
30015,Deadmans Bay,10000,0,10000
30016,Hallo Bay,10000,0,10000
30018,Shell Lake,10000,0,10000
30019,Kougarok,10000,0,10000
30020,Selawik,10000,0,10000
30021,Pillar Bay,10000,0,10000
30022,Johnstone Point,10000,0,10000
30023,Tikchik Lodge,10000,0,10000
30024,Bell Creek,10000,0,10000
30025,Cinnabar,10000,0,10000
30026,Mountaintop Mine,10000,0,10000
30027,Whitebear,10000,0,10000
30028,Puviaq,10000,0,10000
30029,Arley Lake,10000,0,10000
30030,Port Vita,10000,0,10000
30031,Kantishna,10000,0,10000
30032,Lonely,10000,0,10000
30034,Serpentine,10000,0,10000
30035,Driftwood Bay,10000,0,10000
30036,Bradley Lake,10000,0,10000
30037,Chilkat Lake,10000,0,10000
30038,Nugget Creek,10000,0,10000
30039,Ivotuk,10000,0,10000
30040,Pogo Mines,10000,0,10000
30041,Ayakulik River,10000,0,10000
30042,Kiluda Bay,10000,0,10000
30043,Terror Lake,10000,0,10000
30044,Selief Bay,10000,0,10000
30047,Laura Lake,10000,0,10000
30049,Deep Bay,10000,0,10000
30050,Kako,10000,0,10000
30051,Molly Creek,10000,0,10000
30052,Ptarmigan Lake,10000,0,10000
30053,Cape Simpson,10000,0,10000
30054,Kogru River,10000,0,10000
30055,Teshepkuk Lake,10000,0,10000
30056,Kodiak Island,10000,0,10000
30057,Bear Creek,10000,0,10000
30058,Lake Florence,10000,0,10000
30059,Lake Hasselborg,10000,0,10000
30060,Distin Lake,10000,0,10000
30061,Port Hobron,10000,0,10000
30062,Mooseville Airstrip,10000,0,10000
30063,Big Bay,10000,0,10000
30064,Wien Lake,10000,0,10000
30065,Silver Salmon Creek,10000,0,10000
30066,Blear Lake,10000,0,10000
30067,Cannery Bay,10000,0,10000
30070,Kodiak,10000,0,10000
30071,Cosna River,10000,0,10000
30072,Ivatuk,10000,0,10000
30073,Deadhorse,10000,0,10000
30074,Cape Sarichef,10000,0,10000
30075,Taylor Mountain Mine,10000,0,10000
30076,Yukon Charley Rivvers,10000,0,10000
30078,Karluk Portage,10000,0,10000
30079,Hope,10000,0,10000
30080,Viekoda Bay,10000,0,10000
30082,Cold Bay,10000,0,10000
30083,Village Islands,10000,0,10000
30084,Wide Bay,10000,0,10000
30085,Chinitna Bay,10000,0,10000
30086,McKinley Park,10000,0,10000
30088,Malina Bay,10000,0,10000
30089,Red Fox Bay,10000,0,10000
30090,Shearwater,10000,0,10000
30094,Aglaq,10000,0,10000
30095,Nikiski,10000,0,10000
30096,Petrof Point,10000,0,10000
30097,Denali,10000,0,10000
30098,Big River,10000,0,10000
30100,Carry Inlet,10000,0,10000
30102,Montague Island,10000,0,10000
30103,Shannon Pond,10000,0,10000
30104,Omalik Lagoon,10000,0,10000
30105,Omolik Lagoon,10000,0,10000
30106,Bradley Lake Project,10000,0,10000
30110,Akulik,10000,0,10000
30111,Deadfall,10000,0,10000
30112,Eagle Creek,10000,0,10000
30113,Bethel,10000,0,10000
30114,Trading Bay,10000,0,10000
30116,Kachemak Bay,10000,0,10000
30117,Selby Lake,10000,0,10000
30139,Ambler,10000,0,10000
30165,Adak Island,10000,0,10000
30176,Aleneva,10000,0,10000
30184,Allakaket,10000,0,10000
30204,Angoon,10000,0,10000
30219,Amchitka Island,10000,0,10000
30222,Anita Bay,10000,0,10000
30225,Wainwright,10000,0,10000
30237,Atka,10000,0,10000
30241,Akiak,10000,0,10000
30243,Akhiok,10000,0,10000
30245,King Salmon,10000,0,10000
30247,Anaktuvuk Pass,10000,0,10000
30278,Lazy Bay,10000,0,10000
30304,Aniak,10000,0,10000
30307,Annette,10000,0,10000
30313,Anvik,10000,0,10000
30324,Amook Bay,10000,0,10000
30344,Girdwood,10000,0,10000
30349,Arctic Village,10000,0,10000
30396,Atqasuk,10000,0,10000
30405,Atmautluak,10000,0,10000
30406,Attu,10000,0,10000
30416,Alakanuk,10000,0,10000
30487,Baker Island,10000,0,10000
30556,Blue Fox Bay,10000,0,10000
30580,Big Lake,10000,0,10000
30612,Big Creek,10000,0,10000
30616,Big Delta,10000,0,10000
30640,Buckland,10000,0,10000
30642,Brooks Lake,10000,0,10000
30692,Big Mountain,10000,0,10000
30697,Baranof,10000,0,10000
30735,Bartlett Cove,10000,0,10000
30769,Boswell Bay,10000,0,10000
30770,Bartletts,10000,0,10000
30775,Barter Island,10000,0,10000
30783,Bettles,10000,0,10000
30809,Beaver Inlet,10000,0,10000
30886,Corner Bay,10000,0,10000
30913,Cordova,10000,0,10000
30923,Candle,10000,0,10000
30938,Central,10000,0,10000
30948,Chena Hot Springs,10000,0,10000
30951,Coffee Point,10000,0,10000
30991,Circle Hot Springs,10000,0,10000
30996,Chuathbaluk,10000,0,10000
31007,Chalkyitsik,10000,0,10000
31014,Chomley,10000,0,10000
31021,Crafton Island,10000,0,10000
31028,Crooked Creek,10000,0,10000
31036,Chicken,10000,0,10000
31043,Clear,10000,0,10000
31053,Clarks Point,10000,0,10000
31154,Cape Spencer,10000,0,10000
31158,Cape Sabine,10000,0,10000
31188,Cube Cove,10000,0,10000
31213,Chitina,10000,0,10000
31214,Coldfoot,10000,0,10000
31227,Chifornak,10000,0,10000
31234,Cape Yakataga,10000,0,10000
31238,Copper Center,10000,0,10000
31241,Cape Romanzof,10000,0,10000
31245,Chisana,10000,0,10000
31246,Chistochina,10000,0,10000
31247,Cape Pole,10000,0,10000
31280,Dahl Creek,10000,0,10000
31299,Danger Bay,10000,0,10000
31317,Diomede Island,10000,0,10000
31327,Delta Junction,10000,0,10000
31336,Dillingham,10000,0,10000
31341,Dolomi,10000,0,10000
31353,Duncan Canal,10000,0,10000
31367,Dora Bay,10000,0,10000
31401,Ketchikan,10000,0,10000
31402,Haines,10000,0,10000
31404,Tsui River,10000,0,10000
31406,Platinum,10000,0,10000
31410,Drift River,10000,0,10000
31411,Deering,10000,0,10000
31445,Unalaska,10000,0,10000
31464,Noatak,10000,0,10000
31484,Edna Bay,10000,0,10000
31492,Eek,10000,0,10000
31494,Eight Fathom Bight,10000,0,10000
31501,Chenega,10000,0,10000
31511,Egegik,10000,0,10000
31512,Cape Newenham,10000,0,10000
31513,Eagle Harbor,10000,0,10000
31517,Fairbanks,10000,0,10000
31535,Elim,10000,0,10000
31545,Elfin Cove,10000,0,10000
31546,Ellamar,10000,0,10000
31550,Emmonak,10000,0,10000
31555,Kenai,10000,0,10000
31559,Nenana,10000,0,10000
31606,Eva Creek,10000,0,10000
31619,Excursion Inlet,10000,0,10000
31632,False Island,10000,0,10000
31639,Fairmount Island,10000,0,10000
31674,Fire Cove,10000,0,10000
31696,Falls Bay,10000,0,10000
31702,Flat,10000,0,10000
31708,Five Mile Camp,10000,0,10000
31720,Funter Bay Alaska,10000,0,10000
31722,Fortuna Ledge,10000,0,10000
31734,Patching Lake,10000,0,10000
31738,Annex Creek,10000,0,10000
31739,Davidson Creek,10000,0,10000
31740,Snettisham,10000,0,10000
31741,Fire Island,10000,0,10000
31743,Greens Creek,10000,0,10000
31744,Gull Cove,10000,0,10000
31747,Karta Lake,10000,0,10000
31748,Manzanita Lake,10000,0,10000
31749,Shrimp Bay,10000,0,10000
31750,Dry Bay,10000,0,10000
31751,Josephine Lake,10000,0,10000
31755,Volcano Bay,10000,0,10000
31756,Fort Glenn,10000,0,10000
31757,Babe Islands,10000,0,10000
31758,Kahli Cove,10000,0,10000
31768,Fresh Water Bay,10000,0,10000
31797,Osprey Lodge,10000,0,10000
31813,Donlin Creek Mine,10000,0,10000
31819,Golden Creek Mine,10000,0,10000
31820,Grace Harbor,10000,0,10000
31821,Unuk River,10000,0,10000
31825,Farewell,10000,0,10000
31828,Kaktovik,10000,0,10000
31833,Fort Yukon,10000,0,10000
31844,Galena,10000,0,10000
31845,Gambell,10000,0,10000
31855,Goose Bay,10000,0,10000
31859,Galbraith Lake,10000,0,10000
31873,Golden Horn Lodge,10000,0,10000
31885,Ganes Creek,10000,0,10000
31896,Togiak Fish,10000,0,10000
31924,Gulkana,10000,0,10000
31937,Glennallen,10000,0,10000
31941,Golovin,10000,0,10000
31952,Goodnews Bay,10000,0,10000
31997,Gustavus,10000,0,10000
32074,Haycock,10000,0,10000
32076,Hanus Bay,10000,0,10000
32079,Hobart Bay,10000,0,10000
32084,Hood Bay,10000,0,10000
32086,Shoal Cove,10000,0,10000
32087,Holy Cross,10000,0,10000
32088,Hidden Falls,10000,0,10000
32098,Herendeen,10000,0,10000
32122,Hogatza,10000,0,10000
32141,Healy,10000,0,10000
32165,Homeshore,10000,0,10000
32171,Hoonah,10000,0,10000
32183,Holikachuk,10000,0,10000
32195,Hooper Bay,10000,0,10000
32214,Huslia,10000,0,10000
32248,Hawk Inlet,10000,0,10000
32252,Hydaburg,10000,0,10000
32253,Hollis,10000,0,10000
32268,Kiana,10000,0,10000
32279,Icy Bay,10000,0,10000
32294,Igiugig,10000,0,10000
32315,Nikolski,10000,0,10000
32321,Iliamna,10000,0,10000
32370,Circle,10000,0,10000
32387,Isabel Pass,10000,0,10000
32509,Cooper Lodge,10000,0,10000
32591,Hog River,10000,0,10000
32610,Kake,10000,0,10000
32615,Kaltag,10000,0,10000
32621,Birch Creek,10000,0,10000
32622,Bell Island,10000,0,10000
32624,Klag Bay,10000,0,10000
32631,Chignik,10000,0,10000
32633,Coffman Cove,10000,0,10000
32639,Chernofski,10000,0,10000
32642,Colorado Creek,10000,0,10000
32649,Nanwalek,10000,0,10000
32653,Ekwok,10000,0,10000
32663,False Pass,10000,0,10000
32671,Koliganek,10000,0,10000
32676,Grayling,10000,0,10000
32677,Glacier Creek,10000,0,10000
32686,Ivanof Bay,10000,0,10000
32704,Koyuk,10000,0,10000
32705,Kitoi Bay,10000,0,10000
32708,Kongiganak,10000,0,10000
32709,Akiachak,10000,0,10000
32711,Kalakaket,10000,0,10000
32712,Karluk Lake,10000,0,10000
32716,Ekuk,10000,0,10000
32719,Kalskag,10000,0,10000
32720,Levelock,10000,0,10000
32721,Larsen Bay,10000,0,10000
32723,Kelp Bay,10000,0,10000
32737,Manokotak,10000,0,10000
32743,Moser Bay,10000,0,10000
32748,Kokhanok,10000,0,10000
32755,New Stuyahok,10000,0,10000
32769,Kotlik,10000,0,10000
32771,Olga Bay,10000,0,10000
32772,Ouzinkie,10000,0,10000
32773,Point Baker,10000,0,10000
32774,Port Clarence,10000,0,10000
32775,Pauloff Harbor,10000,0,10000
32777,Parks,10000,0,10000
32778,Napamute,10000,0,10000
32779,Kipnuk,10000,0,10000
32782,Port Williams,10000,0,10000
32784,Perryville,10000,0,10000
32785,Port Bailey,10000,0,10000
32786,Akutan,10000,0,10000
32790,Kasitsna Bay,10000,0,10000
32812,Sandy River,10000,0,10000
32815,Thorne Bay,10000,0,10000
32822,Brevig Mission,10000,0,10000
32831,Kasigluk,10000,0,10000
32837,Kugururok River,10000,0,10000
32841,King Cove,10000,0,10000
32844,Kivalina,10000,0,10000
32847,Waterfall,10000,0,10000
32851,Kwigillingok,10000,0,10000
32853,Quinhagak,10000,0,10000
32854,West Point,10000,0,10000
32855,Kwethluk,10000,0,10000
32857,Kasaan,10000,0,10000
32865,Yankee Creek,10000,0,10000
32866,Karluk,10000,0,10000
32868,Koyukuk,10000,0,10000
32869,Zachar Bay,10000,0,10000
32968,Lost Harbor,10000,0,10000
32983,Long Island,10000,0,10000
32993,Livengood,10000,0,10000
33003,Kulik Lake,10000,0,10000
33016,Minchumina,10000,0,10000
33057,Little Port Walter,10000,0,10000
33064,Loring,10000,0,10000
33083,Lost River,10000,0,10000
33111,Cape Lisburne,10000,0,10000
33115,Lime Village,10000,0,10000
33196,McGrath,10000,0,10000
33226,Middleton Island,10000,0,10000
33228,Medfra,10000,0,10000
33381,Manley Hot Springs,10000,0,10000
33415,Minto,10000,0,10000
33432,Moses Point,10000,0,10000
33434,Mountain Village,10000,0,10000
33504,Metlakatla,10000,0,10000
33564,McCarthy,10000,0,10000
33574,May Creek,10000,0,10000
33579,Mekoryuk,10000,0,10000
33676,Nikolai,10000,0,10000
33678,Niblack,10000,0,10000
33681,Ninilchik,10000,0,10000
33693,Naukiti,10000,0,10000
33698,Nichen Cove,10000,0,10000
33704,Nelson Lagoon,10000,0,10000
33710,Nightmute,10000,0,10000
33714,Naknek,10000,0,10000
33715,Nondalton,10000,0,10000
33767,Nuiqsut,10000,0,10000
33768,Nulato,10000,0,10000
33770,Nunapitchuk,10000,0,10000
33806,Kobuk,10000,0,10000
33811,Oceanic,10000,0,10000
33841,Northeast Cape,10000,0,10000
33863,Old Harbor,10000,0,10000
33873,Nome,10000,0,10000
33888,Onion Bay,10000,0,10000
33893,Cobol,10000,0,10000
33894,Toksook,10000,0,10000
33899,Ophir,10000,0,10000
33901,McDonald Lake,10000,0,10000
33902,Bible Camp,10000,0,10000
33903,Cinder River Lodge,10000,0,10000
33905,Lemesurier Island,10000,0,10000
33906,Tracy Arm,10000,0,10000
33908,Vrems,10000,0,10000
33909,Akolik,10000,0,10000
33910,Mels,10000,0,10000
33911,Meshik,10000,0,10000
33912,Telaquana Lake,10000,0,10000
33913,Chelatna Lake Lodge,10000,0,10000
33914,Pumice,10000,0,10000
33916,Twin Lakes,10000,0,10000
33920,Shirleyville,10000,0,10000
33921,Doug Carney Strip,10000,0,10000
33922,Shisholik,10000,0,10000
33923,Sivinuvik,10000,0,10000
33924,American Creek,10000,0,10000
33934,Port Lions,10000,0,10000
33940,Northway,10000,0,10000
33942,Noorvik,10000,0,10000
33970,Kotzebue,10000,0,10000
34013,Palmer,10000,0,10000
34021,Point Barrow,10000,0,10000
34028,Pack Creek,10000,0,10000
34037,Portage Creek,10000,0,10000
34040,Painter Creek,10000,0,10000
34042,Porcupine Creek,10000,0,10000
34046,Pedro Bay,10000,0,10000
34062,Pelican,10000,0,10000
34075,Paf Warren,10000,0,10000
34077,Port Frederick,10000,0,10000
34088,Port Graham,10000,0,10000
34102,Point Hope,10000,0,10000
34119,Pilot Point,10000,0,10000
34125,Point Lay,10000,0,10000
34129,Port San Juan,10000,0,10000
34130,Napaskiak,10000,0,10000
34167,Port Moller,10000,0,10000
34173,Paimiut,10000,0,10000
34183,Peterson's Point,10000,0,10000
34208,Polk Inlet,10000,0,10000
34218,Prospect Creek,10000,0,10000
34229,Port Protection,10000,0,10000
34234,Pilot Station,10000,0,10000
34244,Point Retreat,10000,0,10000
34256,Petersburg,10000,0,10000
34268,Port Alsworth,10000,0,10000
34269,Port Alice,10000,0,10000
34270,Port Alexander,10000,0,10000
34273,Port Heiden,10000,0,10000
34276,Port Armstrong,10000,0,10000
34279,Pleasant Harbour,10000,0,10000
34296,Prudhoe Bay,10000,0,10000
34316,Pope Vanoy,10000,0,10000
34322,Big Port Walter,10000,0,10000
34327,Port Ashton,10000,0,10000
34331,Perry Island,10000,0,10000
34412,Keyes Point,10000,0,10000
34413,Nimiuk Point,10000,0,10000
34415,Sealing Point,10000,0,10000
34464,Ugashik,10000,0,10000
34468,Brooks Lodge,10000,0,10000
34474,Ruby,10000,0,10000
34485,Red Dog,10000,0,10000
34493,Red Devil,10000,0,10000
34551,Bornite/Ruby Creek,10000,0,10000
34559,Rampart,10000,0,10000
34601,Nixon Fork Mine,10000,0,10000
34627,Russian Mission,10000,0,10000
34631,Raspberry Strait,10000,0,10000
34638,Marguerite Bay,10000,0,10000
34655,Rowan Bay,10000,0,10000
34658,Rodman Bay,10000,0,10000
34675,Sagwon,10000,0,10000
34715,Smith Cove,10000,0,10000
34718,Scammon Bay,10000,0,10000
34738,Sandpoint,10000,0,10000
34795,Saginaw Bay,10000,0,10000
34797,Skagway,10000,0,10000
34804,Shungnak,10000,0,10000
34805,Shishmaref,10000,0,10000
34816,Shageluk,10000,0,10000
34828,Sitka,10000,0,10000
34855,Sitkinak,10000,0,10000
34856,Shaktoolik,10000,0,10000
34863,Skwentna,10000,0,10000
34880,Sleetmute,10000,0,10000
34895,St. Michael,10000,0,10000
34903,Sheep Mountain,10000,0,10000
34919,St. Paul Island,10000,0,10000
34934,Solomon,10000,0,10000
34942,Seldovia,10000,0,10000
34987,Stony River,10000,0,10000
35012,St. George Island,10000,0,10000
35049,Savoonga,10000,0,10000
35061,Stevens Village,10000,0,10000
35063,Sparrevohn,10000,0,10000
35085,Sheldon Point,10000,0,10000
35086,Soldotna,10000,0,10000
35090,Shemya,10000,0,10000
35091,Seal Bay,10000,0,10000
35124,Tanana,10000,0,10000
35160,Takotna,10000,0,10000
35170,Tetlin,10000,0,10000
35171,Tatitlek,10000,0,10000
35228,Talkeetna,10000,0,10000
35231,Tenakee,10000,0,10000
35235,Tokeen,10000,0,10000
35236,Tok,10000,0,10000
35238,Taku Lodge,10000,0,10000
35248,Telida,10000,0,10000
35250,Tatalina,10000,0,10000
35257,Tuluksak,10000,0,10000
35278,Tin City,10000,0,10000
35282,Tununak,10000,0,10000
35293,Togiak,10000,0,10000
35339,Tanacross,10000,0,10000
35385,Twin Hills,10000,0,10000
35406,Tyonek,10000,0,10000
35446,Uganik,10000,0,10000
35467,Umnak,10000,0,10000
35472,Umiat,10000,0,10000
35478,Unalakleet,10000,0,10000
35494,Usibelli,10000,0,10000
35504,Utopia,10000,0,10000
35508,Kuparuk,10000,0,10000
35515,Lik Camp,10000,0,10000
35523,Calder Bay,10000,0,10000
35526,Chariot,10000,0,10000
35527,47-Mile Mine,10000,0,10000
35554,Chevak,10000,0,10000
35565,View Cove,10000,0,10000
35579,Valdez,10000,0,10000
35581,Venetie,10000,0,10000
35599,Kavik River,10000,0,10000
35671,Granite Creek Mine,10000,0,10000
35676,Marvel Creek Mine,10000,0,10000
35677,Mitrofania,10000,0,10000
35678,Mush Bay,10000,0,10000
35679,Campbell Lagoon,10000,0,10000
35680,Frazer Lake,10000,0,10000
35681,Afognak Straits,10000,0,10000
35682,Moffet Bay,10000,0,10000
35688,Jensens Strip,10000,0,10000
35689,Wildman Creek,10000,0,10000
35690,Stepovak,10000,0,10000
35692,Puale Bay,10000,0,10000
35693,Katmai Bay,10000,0,10000
35694,Kashvik Bay,10000,0,10000
35695,Cinder Mountain,10000,0,10000
35696,Hagemeister Island,10000,0,10000
35697,Cape Peirce,10000,0,10000
35698,Cape Greig,10000,0,10000
35700,Katmai Lodge,10000,0,10000
35709,Wales,10000,0,10000
35721,Stebbins,10000,0,10000
35730,Whalers Cove Lodge,10000,0,10000
35731,Chandalar,10000,0,10000
35754,Hyder,10000,0,10000
35774,Aleknagik,10000,0,10000
35781,Labouchere Bay,10000,0,10000
35793,Meyers Chuck,10000,0,10000
35794,White Mountain,10000,0,10000
35798,Napakiak,10000,0,10000
35805,Wood River,10000,0,10000
35807,Willow,10000,0,10000
35822,Peard Bay,10000,0,10000
35824,Bluff,10000,0,10000
35835,David River,10000,0,10000
35836,Kiavak,10000,0,10000
35837,Port Wakefield,10000,0,10000
35841,Wrangell,10000,0,10000
35846,Steamboat Bay,10000,0,10000
35849,Wasilla,10000,0,10000
35852,Wiseman,10000,0,10000
35853,South Naknek,10000,0,10000
35862,Tuntutuliak,10000,0,10000
35885,Whale Pass,10000,0,10000
35887,Newtok,10000,0,10000
35894,Yes Bay,10000,0,10000
35934,Granite Point,10000,0,10000
35936,Yantarni Bay,10000,0,10000
35952,Oliktok,10000,0,10000
35953,Nushagak Bay,10000,0,10000
35991,Yakutat,10000,0,10000
36311,Nyac,10000,0,10000
36339,Illinois Creek,10000,0,10000
36340,Chomondely Sound,10000,0,10000
36341,Coal Bay,10000,0,10000
36342,Happy Harbour,10000,0,10000
36343,Lancaster Cove,10000,0,10000
36344,Reid Cove,10000,0,10000
36345,Saltery Cove,10000,0,10000
36346,Clover Bay,10000,0,10000
36347,El Capitan,10000,0,10000
36348,Salmon Bay Lake,10000,0,10000
36390,Beluga,10000,0,10000
36392,McCord,10000,0,10000
36396,Nellie Juan,10000,0,10000
36430,Tuxekan Island,10000,0,10000
36440,International Seafoods,10000,0,10000
36441,Katmai National Park,10000,0,10000
36466,Independence Creek,10000,0,10000
36479,Seward Peninsula,10000,0,10000
36480,Bear Fish Camp,10000,0,10000
36500,Squaw Lake,10000,0,10000
36553,Akun,10000,0,10000
36566,Qugruc,10000,0,10000
36567,Gold King 2,10000,0,10000
36605,Zips,10000,0,10000
36614,Tolstoi Bay,10000,0,10000
36645,Naknek-1,10000,0,10000
36651,Deadhorse1,10000,0,10000
36677,Smith Bay,10000,0,10000
36679,Dune Lake,10000,0,10000
36699,Fairbanks1,10000,0,10000
36702,Nakochna,10000,0,10000
36775,Paxson,10000,0,10000
36776,Napaimute,10000,0,10000
36790,Nikisha,10000,0,10000
36883,Mertarvik,10000,0,10000
36888,Deer Park,10000,0,10000
30253,Albertville,10000,0,10000
30254,Alabaster,10000,0,10000
30276,Alexander City,10000,0,10000
30298,Anniston,10000,0,10000
31527,Bessemer,10000,0,10000
31598,Enterprise,10000,0,10000
31602,Eufaula,10000,0,10000
32379,Bayou La Batre,10000,0,10000
32601,Evergreen,10000,0,10000
33033,Lanett,10000,0,10000
33484,Muscle Shoals,10000,0,10000
34753,Selma,10000,0,10000
35185,Tuskegee,10000,0,10000
35646,Headland,10000,0,10000
35684,Brundidge,10000,0,10000
36422,Gulf Shores,10000,0,10000
36423,Andalusia/Opp,10000,0,10000
36453,Demopolis,10000,0,10000
36487,Fairhope,10000,0,10000
36517,Monroeville,10000,0,10000
36716,Scottsboro,10000,0,10000
36763,Sylacauga,10000,0,10000
36782,Fort Payne,10000,0,10000
30345,Russellville,10000,0,10000
30352,Walnut Ridge,10000,0,10000
30440,West Memphis,10000,0,10000
30814,Batesville,10000,0,10000
30838,Blytheville,10000,0,10000
31778,Fort Smith,10000,0,10000
33441,Morrilton,10000,0,10000
34024,Pine Bluff,10000,0,10000
34793,Stuttgart,10000,0,10000
35401,Texarkana,10000,0,10000
35792,Mountain Home,10000,0,10000
35981,Mena,10000,0,10000
36448,Paragould,10000,0,10000
36852,Colt,10000,0,10000
30011,Peach Springs,10000,0,10000
30463,Grand Canyon,10000,0,10000
30583,Bagdad,10000,0,10000
30590,Bullhead City,10000,0,10000
30765,Bisbee,10000,0,10000
30979,Casa Grande,10000,0,10000
31399,Whitmore,10000,0,10000
31673,Fort Huachuca,10000,0,10000
31803,Wickenburg,10000,0,10000
32061,Havasupai,10000,0,10000
32132,Lake Havasu City,10000,0,10000
32157,Holbrook,10000,0,10000
32351,Winslow,10000,0,10000
33536,Kayenta,10000,0,10000
33572,Marble Canyon,10000,0,10000
33587,Marana,10000,0,10000
33868,Nogales,10000,0,10000
34126,Payson,10000,0,10000
34237,Prescott,10000,0,10000
34344,Globe,10000,0,10000
34431,Window Rock,10000,0,10000
34673,Safford,10000,0,10000
34744,Sedona,10000,0,10000
34943,Show Low,10000,0,10000
35864,Whiteriver,10000,0,10000
36449,Salome,10000,0,10000
36547,Springerville,10000,0,10000
36623,Gila Bend,10000,0,10000
36809,Colorado City,10000,0,10000
30157,Eureka/Arcata,10000,0,10000
30337,Apple Valley,10000,0,10000
30437,Catalina Island,10000,0,10000
30617,Bishop,10000,0,10000
30665,Blythe,10000,0,10000
30698,Banning,10000,0,10000
30832,Borrego Springs,10000,0,10000
30930,Crescent City,10000,0,10000
31029,Clear Lake,10000,0,10000
31044,Coalinga,10000,0,10000
31055,Calipatria,10000,0,10000
31093,Marina,10000,0,10000
31218,Calexico,10000,0,10000
31385,Holtville,10000,0,10000
31425,Death Valley,10000,0,10000
31452,Davis/Woodland/Winters,10000,0,10000
31491,Needles,10000,0,10000
31627,Murrieta/Temecula,10000,0,10000
31723,Fort Bragg,10000,0,10000
31801,Fallbrook,10000,0,10000
31818,Kernville,10000,0,10000
32062,Half Moon Bay,10000,0,10000
32154,Hollister,10000,0,10000
32363,El Centro,10000,0,10000
32436,Inyokern,10000,0,10000
32522,Newport Beach,10000,0,10000
32590,San Clemente Island,10000,0,10000
32602,Angwin,10000,0,10000
33049,Lompoc,10000,0,10000
33070,Lathrop,10000,0,10000
33080,Los Banos,10000,0,10000
33249,Atwater,10000,0,10000
33297,Mojave,10000,0,10000
33319,Shafter,10000,0,10000
33388,Mammoth Lakes,10000,0,10000
33702,Lemoore,10000,0,10000
33756,Port Hueneme,10000,0,10000
33771,Mountain View,10000,0,10000
33981,Oroville,10000,0,10000
33988,Oxnard/Ventura,10000,0,10000
33994,Yosemite National Park,10000,0,10000
34162,Palmdale/Lancaster,10000,0,10000
34198,La Verne,10000,0,10000
34236,Paso Robles/San Luis Obispo,10000,0,10000
34262,Palm Springs,10000,0,10000
34308,Placerville,10000,0,10000
34383,Emerald Bay,10000,0,10000
34423,Shingletown,10000,0,10000
34424,Woodlake,10000,0,10000
34427,Grass Valley,10000,0,10000
34434,Healdsburg,10000,0,10000
34438,Redondo Beach,10000,0,10000
34466,Big Bear City,10000,0,10000
34469,Red Bluff,10000,0,10000
34593,Lone Pine,10000,0,10000
34596,Mendota,10000,0,10000
34603,China Lake,10000,0,10000
34922,Salinas/Monterey,10000,0,10000
34958,San Pedro,10000,0,10000
34965,Santa Ynez,10000,0,10000
34967,San Carlos,10000,0,10000
35110,Santa Paula,10000,0,10000
35232,Truckee,10000,0,10000
35284,Twentynine Palms,10000,0,10000
35322,Trona,10000,0,10000
35344,Tehachapi,10000,0,10000
35383,Lake Tahoe,10000,0,10000
35458,Ukiah,10000,0,10000
35518,Chowchilla,10000,0,10000
35654,California City,10000,0,10000
35658,Weed,10000,0,10000
35687,Los Alamitos,10000,0,10000
35728,Downtown,10000,0,10000
35789,Willows,10000,0,10000
35816,Tulelake,10000,0,10000
35817,Dinsmore,10000,0,10000
35820,Dorris,10000,0,10000
35827,Rosamond,10000,0,10000
35828,Oceano,10000,0,10000
35971,Willits,10000,0,10000
35973,Lakeport,10000,0,10000
35982,Fortuna,10000,0,10000
36336,Gasquet,10000,0,10000
36352,Cloverdale,10000,0,10000
36355,Paradise,10000,0,10000
36507,Chemehuevi Valley,10000,0,10000
36681,Patterson,10000,0,10000
36815,Rio Vista,10000,0,10000
36869,Garberville,10000,0,10000
36875,El Mirage,10000,0,10000
30285,Durango,10000,0,10000
30372,Aspen,10000,0,10000
30514,Crestone,10000,0,10000
30950,Cortez,10000,0,10000
31081,Canon City,10000,0,10000
31128,Carbondale,10000,0,10000
31149,Crested Butte,10000,0,10000
31719,Fort Collins/Loveland,10000,0,10000
31921,Grand Junction,10000,0,10000
32041,Glenwood Springs,10000,0,10000
32976,La Junta,10000,0,10000
32979,Limon,10000,0,10000
33135,Leadville,10000,0,10000
33502,Montrose/Delta,10000,0,10000
34089,Pagosa Springs,10000,0,10000
34444,Paonia,10000,0,10000
34530,Rifle,10000,0,10000
34567,Rangely,10000,0,10000
34699,Steamboat Springs,10000,0,10000
34883,Salida,10000,0,10000
35117,Trinidad,10000,0,10000
35177,Telluride,10000,0,10000
36745,Monte Vista,10000,0,10000
31961,New London/Groton,10000,0,10000
36442,Plainville,10000,0,10000
36485,Simsbury,10000,0,10000
36578,Willimantic,10000,0,10000
36628,New Milford,10000,0,10000
36640,Danielson,10000,0,10000
36663,East Haddam,10000,0,10000
31375,Dover,10000,0,10000
34500,Rehoboth,10000,0,10000
36510,Middletown,10000,0,10000
36649,Dover-Cheswold,10000,0,10000
30122,Apalachicola,10000,0,10000
30329,Naples,10000,0,10000
30433,Avon Park,10000,0,10000
30519,Boca Raton,10000,0,10000
30947,Crestview,10000,0,10000
31099,Cocoa Beach,10000,0,10000
31175,Cross City,10000,0,10000
31252,Daytona Beach,10000,0,10000
31394,New Smyrna Beach,10000,0,10000
31405,Cape Canaveral,10000,0,10000
31421,Destin,10000,0,10000
31481,Panama City,10000,0,10000
31504,Valparaiso,10000,0,10000
31624,Key West,10000,0,10000
31686,Zephyrhills,10000,0,10000
31687,Valkaria,10000,0,10000
31688,Chipley,10000,0,10000
31689,Bunnell,10000,0,10000
31690,Williston,10000,0,10000
31714,Fort Myers,10000,0,10000
31732,Fort Pierce,10000,0,10000
32333,Immokalee,10000,0,10000
32595,Brooksville,10000,0,10000
32661,Key Largo,10000,0,10000
33469,Marco Island,10000,0,10000
33739,Mayport,10000,0,10000
33747,Milton,10000,0,10000
33750,Merritt Island,10000,0,10000
34027,West Palm Beach/Palm Beach,10000,0,10000
34082,Punta Gorda,10000,0,10000
34470,Fort Jefferson,10000,0,10000
34618,Mary Esther,10000,0,10000
34750,Sebring,10000,0,10000
34986,Sarasota/Bradenton,10000,0,10000
35030,Stuart,10000,0,10000
35221,Titusville,10000,0,10000
35497,St. Augustine,10000,0,10000
35615,Venice,10000,0,10000
35628,Vero Beach,10000,0,10000
35980,Lake City,10000,0,10000
36363,Fernandina Beach,10000,0,10000
36521,Clewiston,10000,0,10000
36727,Placida,10000,0,10000
36788,Deland,10000,0,10000
36801,West Palm Beach,10000,0,10000
36819,Lake Wales,10000,0,10000
30208,Augusta,10000,0,10000
30460,Waycross,10000,0,10000
30573,Bainbridge,10000,0,10000
31359,Dalton,10000,0,10000
32995,Hinesville,10000,0,10000
33151,Lawrenceville,10000,0,10000
33280,Moultrie/Thomasville,10000,0,10000
34116,Pine Mountain,10000,0,10000
34430,Peachtree City,10000,0,10000
34554,Rome,10000,0,10000
34902,Stone Mountain,10000,0,10000
35141,Statesboro,10000,0,10000
35259,Tifton,10000,0,10000
35574,Vidalia,10000,0,10000
35622,Cartersville,10000,0,10000
35665,Americus,10000,0,10000
35737,Winder,10000,0,10000
36568,Thomson,10000,0,10000
36670,Eastman,10000,0,10000
36761,Thomaston,10000,0,10000
36821,Camilla,10000,0,10000
36843,Blakely,10000,0,10000
32092,Mokuleia,10000,0,10000
32172,Hanalei,10000,0,10000
32174,Hana,10000,0,10000
32402,Hilo,10000,0,10000
32492,Lahaina,10000,0,10000
32549,Kapolei,10000,0,10000
32758,Kona,10000,0,10000
32982,Lihue,10000,0,10000
33034,Lanai,10000,0,10000
33109,Kalaupapa,10000,0,10000
33347,Hoolehua,10000,0,10000
33520,Kamuela,10000,0,10000
33662,Kaneohe,10000,0,10000
33830,Kahului,10000,0,10000
34007,Hanapepe,10000,0,10000
34395,Kona Village,10000,0,10000
35484,Upolo Point,10000,0,10000
35775,Waikoloa Village,10000,0,10000
36774,Paxson,10000,0,10000
30889,Council Bluffs,10000,0,10000
31003,Cedar Rapids/Iowa City,10000,0,10000
31289,Decorah,10000,0,10000
31713,Fort Madison,10000,0,10000
31725,Fort Dodge,10000,0,10000
31831,Forest City,10000,0,10000
32261,Webster City,10000,0,10000
32262,Red Oak,10000,0,10000
32358,Iowa City,10000,0,10000
33211,Mason City,10000,0,10000
33322,Marshalltown,10000,0,10000
33965,Ottumwa,10000,0,10000
34868,Storm Lake,10000,0,10000
35048,Sioux City,10000,0,10000
36533,Pella,10000,0,10000
36769,Estherville,10000,0,10000
30839,Burley/Rupert,10000,0,10000
30987,Challis,10000,0,10000
31098,Coeur d'Alene,10000,0,10000
31384,Soda Springs,10000,0,10000
31815,Rexburg,10000,0,10000
32280,Idaho Falls,10000,0,10000
32593,American Falls,10000,0,10000
32603,Grangeville,10000,0,10000
33127,Lewiston,10000,0,10000
33362,Malad City,10000,0,10000
33440,Montpelier,10000,0,10000
33525,Mountain Home,10000,0,10000
33575,McCall,10000,0,10000
34365,Indian Creek,10000,0,10000
34422,Bonners Ferry,10000,0,10000
34594,Atomic City,10000,0,10000
34897,Salmon,10000,0,10000
35041,Sun Valley/Hailey/Ketchum,10000,0,10000
35520,St. Anthony,10000,0,10000
35661,Bernard,10000,0,10000
35818,Rigby,10000,0,10000
35945,Blackfoot,10000,0,10000
35956,Driggs,10000,0,10000
36433,Aberdeen,10000,0,10000
36868,Sandpoint,10000,0,10000
30676,Belleville,10000,0,10000
30685,Bloomington/Normal,10000,0,10000
31011,Cairo,10000,0,10000
31067,Champaign/Urbana,10000,0,10000
31363,Danville,10000,0,10000
31558,Centralia,10000,0,10000
31662,Freeport,10000,0,10000
31745,Flora,10000,0,10000
31858,Galesburg,10000,0,10000
32305,Rantoul,10000,0,10000
32307,De Kalb,10000,0,10000
33129,Lawrenceville,10000,0,10000
33221,Carbondale,10000,0,10000
33506,Mattoon/Charleston,10000,0,10000
33537,Mount Vernon,10000,0,10000
33543,Marion/Herrin,10000,0,10000
33617,Glenview,10000,0,10000
34966,Sterling/Rock Falls,10000,0,10000
35675,Peru,10000,0,10000
33367,Quad Cities,10000,0,10000
30946,Connersville,10000,0,10000
31894,Shelbyville,10000,0,10000
32021,Peru,10000,0,10000
32228,Terre Haute,10000,0,10000
33052,La Porte,10000,0,10000
33271,Michigan City,10000,0,10000
33307,Muncie/Anderson/Newcastle,10000,0,10000
33854,Kokomo/Logansport/Peru,10000,0,10000
34696,South Bend,10000,0,10000
34756,Seymour,10000,0,10000
35625,Valparaiso,10000,0,10000
35714,Warsaw,10000,0,10000
36354,Nappanee,10000,0,10000
36646,Jeffersonville,10000,0,10000
36811,Huntingburg,10000,0,10000
30892,Colby,10000,0,10000
30960,Coffeyville,10000,0,10000
31026,Clay Center,10000,0,10000
31283,Dodge City,10000,0,10000
31553,Emporia,10000,0,10000
31777,Fort Scott,10000,0,10000
31856,Great Bend,10000,0,10000
31867,Garden City,10000,0,10000
31929,Goodland,10000,0,10000
32128,Hiawatha,10000,0,10000
32637,Kansas City,10000,0,10000
32902,Liberal,10000,0,10000
33290,Manhattan/Ft. Riley,10000,0,10000
34221,Parsons,10000,0,10000
34877,Salina,10000,0,10000
34940,Winfield,10000,0,10000
36424,Ulysses,10000,0,10000
30741,Whitesburg,10000,0,10000
30756,Bardstown,10000,0,10000
30819,Bowling Green,10000,0,10000
31526,Elizabethtown,10000,0,10000
31669,Frankfort,10000,0,10000
31785,Fort Knox,10000,0,10000
31942,Glasgow,10000,0,10000
32187,Hopkinsville,10000,0,10000
32605,Russellville,10000,0,10000
32859,Danville,10000,0,10000
32860,Sturgis,10000,0,10000
32861,Mount Sterling,10000,0,10000
32863,Madisonville,10000,0,10000
33046,London/Corbin,10000,0,10000
34006,Paducah,10000,0,10000
34034,Pikeville,10000,0,10000
35528,Prestonsburg,10000,0,10000
35826,Campbellsville,10000,0,10000
36758,Mayfield,10000,0,10000
30347,New Iberia,10000,0,10000
30518,Belle Chasse,10000,0,10000
31205,Lake Charles,10000,0,10000
31395,Delhi,10000,0,10000
31805,Lake Providence,10000,0,10000
32233,Houma,10000,0,10000
34200,Fort Polk,10000,0,10000
34277,Patterson,10000,0,10000
34630,Ruston,10000,0,10000
36524,Notchitoches,10000,0,10000
36737,Reserve,10000,0,10000
36791,New Roads,10000,0,10000
36842,Galliano,10000,0,10000
30478,Westfield,10000,0,10000
30815,Beverly,10000,0,10000
30828,Boxborough,10000,0,10000
30933,Chicopee Falls,10000,0,10000
31615,New Bedford/Fall River,10000,0,10000
31709,Falmouth,10000,0,10000
31862,Great Barrington,10000,0,10000
31875,Gardner,10000,0,10000
32250,Hyannis,10000,0,10000
33152,Edgartown,10000,0,10000
33394,Stow,10000,0,10000
33541,Martha's Vineyard,10000,0,10000
33599,North Adams,10000,0,10000
33790,South Weymouth,10000,0,10000
33984,Norwood,10000,0,10000
34255,Pittsfield,10000,0,10000
34306,Provincetown,10000,0,10000
34441,Southbridge,10000,0,10000
35529,Fitchburg,10000,0,10000
35724,Woburn,10000,0,10000
36516,Marshfield,10000,0,10000
36779,Hopedale,10000,0,10000
30172,Camp Springs,10000,0,10000
30309,Annapolis,10000,0,10000
30330,Aberdeen,10000,0,10000
30975,College Park,10000,0,10000
31592,Easton,10000,0,10000
32119,Hagerstown,10000,0,10000
33671,Patuxent River,10000,0,10000
33808,Ocean City,10000,0,10000
34704,Salisbury,10000,0,10000
35931,Leonardtown,10000,0,10000
36460,Michellville,10000,0,10000
36690,Indian Head,10000,0,10000
36739,Fort Meade,10000,0,10000
30414,Augusta/Waterville,10000,0,10000
30471,Biddeford,10000,0,10000
30472,Carrabassett,10000,0,10000
30581,Bangor,10000,0,10000
30589,Bar Harbor,10000,0,10000
31773,Fryeburg,10000,0,10000
32232,Houlton,10000,0,10000
32394,Wiscasset,10000,0,10000
32944,Lewiston/Auburn,10000,0,10000
33236,Rangeley,10000,0,10000
33376,Millinocket,10000,0,10000
34231,Presque Isle/Houlton,10000,0,10000
34410,Pittsfield,10000,0,10000
35751,Frenchville,10000,0,10000
35943,Dexter,10000,0,10000
36490,Princeton,10000,0,10000
36495,Islesboro,10000,0,10000
36526,Belfast,10000,0,10000
36611,Bethel,10000,0,10000
36617,Bethel2,10000,0,10000
36715,Stonington,10000,0,10000
36866,Eastport,10000,0,10000
30149,Bellaire,10000,0,10000
30288,Alma,10000,0,10000
30543,Benton Harbor/St. Joseph,10000,0,10000
30778,Battle Creek,10000,0,10000
30841,Boyne Falls,10000,0,10000
30867,Cadillac,10000,0,10000
31013,Sault Ste. Marie,10000,0,10000
31076,Hancock/Houghton,10000,0,10000
31409,Drummond Island,10000,0,10000
31478,East Tawas,10000,0,10000
31587,Escanaba,10000,0,10000
31938,Gaylord,10000,0,10000
32155,Holland,10000,0,10000
32335,Iron Mountain/Kingsfd,10000,0,10000
32378,Sturgis,10000,0,10000
32392,Manistique,10000,0,10000
32412,Ironwood,10000,0,10000
32927,Ludington,10000,0,10000
33182,Manistee/Ludington,10000,0,10000
33184,Saginaw/Bay City/Midland,10000,0,10000
33193,Mackinac Island,10000,0,10000
33429,Mount Pleasant,10000,0,10000
33498,Mt. Clemens,10000,0,10000
34101,Port Huron,10000,0,10000
34150,Pellston,10000,0,10000
34392,Isle Royale Park,10000,0,10000
34482,Reed City,10000,0,10000
34610,Harbor Springs,10000,0,10000
35380,Traverse City,10000,0,10000
35726,Big Rapids,10000,0,10000
36427,Frankfort,10000,0,10000
36665,Dowagiac,10000,0,10000
36793,South Haven,10000,0,10000
30417,Austin/Albert Lea,10000,0,10000
30523,Baudette,10000,0,10000
30631,Bemidji,10000,0,10000
30739,Brainerd,10000,0,10000
31427,Detroit Lakes,10000,0,10000
31609,Eveleth,10000,0,10000
31650,Minneapolis/St. Paul,10000,0,10000
31667,Fergus Falls,10000,0,10000
31766,Fairmont,10000,0,10000
32129,Hibbing,10000,0,10000
32322,Willmar,10000,0,10000
32343,International Falls,10000,0,10000
32518,Mankato,10000,0,10000
32556,St. Cloud,10000,0,10000
32589,Cloquet,10000,0,10000
33144,Ely,10000,0,10000
33401,Fosston,10000,0,10000
33402,Moose Lake,10000,0,10000
33403,Ortonville,10000,0,10000
33548,Windom,10000,0,10000
33963,Worthington,10000,0,10000
33982,Owatonna,10000,0,10000
34133,Park Rapids,10000,0,10000
34623,Warroad,10000,0,10000
35381,Thief River Falls,10000,0,10000
35462,New Ulm,10000,0,10000
35517,Hawley,10000,0,10000
36492,Red Wing,10000,0,10000
36574,Hallock,10000,0,10000
30228,Lake of the Ozarks,10000,0,10000
30643,Branson,10000,0,10000
31349,Sedalia,10000,0,10000
32032,Grandview,10000,0,10000
32375,Kirksville,10000,0,10000
32474,Jefferson City/Columbia,10000,0,10000
32753,Kennett,10000,0,10000
33188,Moberley,10000,0,10000
33198,Kansas City,10000,0,10000
33419,Mosby,10000,0,10000
33946,Osage Beach,10000,0,10000
34147,Point Lookout,10000,0,10000
34201,Poplar Bluff,10000,0,10000
34547,Rolla,10000,0,10000
34822,Sikeston,10000,0,10000
35108,Knob Noster,10000,0,10000
35138,Fort Leonard Wood,10000,0,10000
35583,Versailles,10000,0,10000
35597,Vichy,10000,0,10000
30629,Biloxi,10000,0,10000
31031,Clarksdale,10000,0,10000
31147,Corinth,10000,0,10000
31973,Gulfport/Biloxi,10000,0,10000
32106,Natchez,10000,0,10000
32448,Jackson/Vicksburg,10000,0,10000
33191,McComb,10000,0,10000
33870,Olive Branch,10000,0,10000
34087,Pascagoula,10000,0,10000
34109,Hattiesburg/Laurel,10000,0,10000
35011,Starkville,10000,0,10000
35374,Tupelo,10000,0,10000
35530,Bay St. Louis,10000,0,10000
35605,Vicksburg,10000,0,10000
36414,Picayune,10000,0,10000
36720,Batesville,10000,0,10000
30849,Bozeman,10000,0,10000
31162,Cut Bank,10000,0,10000
31416,Drummond,10000,0,10000
31648,Kalispell,10000,0,10000
31754,Libby,10000,0,10000
31810,Culbertson,10000,0,10000
31814,Three Forks,10000,0,10000
31879,Glendive,10000,0,10000
31895,Great Falls,10000,0,10000
31908,Glasgow,10000,0,10000
32156,Helena,10000,0,10000
32245,Havre,10000,0,10000
33128,Lewistown,10000,0,10000
33368,Malta,10000,0,10000
33375,Miles City,10000,0,10000
33497,Colstrip,10000,0,10000
33862,Wolf Point,10000,0,10000
34420,Stevensville,10000,0,10000
34592,Roundup,10000,0,10000
34595,Harlowton,10000,0,10000
34745,Sidney,10000,0,10000
35539,Circle,10000,0,10000
35823,Townsend,10000,0,10000
35831,Poplar,10000,0,10000
35832,Bridger,10000,0,10000
35897,West Yellowstone,10000,0,10000
35977,Polson,10000,0,10000
36894,Ennis,10000,0,10000
30192,Wadesboro,10000,0,10000
31439,Duck,10000,0,10000
31479,Elizabeth City,10000,0,10000
31486,Edenton,10000,0,10000
31617,New Bern/Morehead/Beaufort,10000,0,10000
31642,Fort Bragg,10000,0,10000
31992,Goldsboro,10000,0,10000
31995,Greensboro/High Point,10000,0,10000
32168,Hatteras,10000,0,10000
32303,Chapel Hill,10000,0,10000
32312,Wilkesboro,10000,0,10000
32390,Kinston,10000,0,10000
32906,Lumberton,10000,0,10000
33246,Manteo,10000,0,10000
33466,Morehead City,10000,0,10000
33470,Morganton,10000,0,10000
33554,Maxton,10000,0,10000
33620,Smithfield,10000,0,10000
33623,Kenansville,10000,0,10000
33697,Cherry Point,10000,0,10000
33795,Jacksonville/Camp Lejeune,10000,0,10000
34492,Raleigh/Durham,10000,0,10000
34598,Lincolnton,10000,0,10000
34656,Rocky Mount,10000,0,10000
34668,Roanoke Rapids,10000,0,10000
34938,Pinehurst/Southern Pines,10000,0,10000
34988,Salisbury,10000,0,10000
35054,Statesville,10000,0,10000
35163,Roxboro,10000,0,10000
35639,Albemarle,10000,0,10000
36730,Whiteville,10000,0,10000
36744,Siler City,10000,0,10000
36849,Ahoskie,10000,0,10000
36886,Oak Island,10000,0,10000
36892,Asheboro,10000,0,10000
30627,Bismarck/Mandan,10000,0,10000
31390,Killdeer,10000,0,10000
31447,Devils Lake,10000,0,10000
32037,Gwinner,10000,0,10000
32389,Williston,10000,0,10000
32519,Jamestown,10000,0,10000
33304,Minot,10000,0,10000
33637,Kindred,10000,0,10000
35540,Garrison,10000,0,10000
35814,Mandan,10000,0,10000
30221,Alliance,10000,0,10000
30558,Scottsbluff,10000,0,10000
30614,Beatrice,10000,0,10000
30925,Chadron,10000,0,10000
31397,Cozad,10000,0,10000
31980,Grand Island,10000,0,10000
32212,Hastings,10000,0,10000
32899,North Platte,10000,0,10000
33645,Gothenburg,10000,0,10000
33827,Ogallala,10000,0,10000
33886,O'Neill,10000,0,10000
34927,Sidney,10000,0,10000
35637,Valentine,10000,0,10000
36559,Broken Bow,10000,0,10000
36777,Champion,10000,0,10000
36836,Holdrege,10000,0,10000
30687,Berlin,10000,0,10000
31493,Keene,10000,0,10000
32130,Whitefield,10000,0,10000
32916,Laconia,10000,0,10000
32932,Lebanon-Hanover,10000,0,10000
36709,Gorham,10000,0,10000
36785,Moultonboro,10000,0,10000
30012,Blairstown,10000,0,10000
30158,Atlantic City,10000,0,10000
30365,Asbury Park,10000,0,10000
30670,Belmar/Farmingdale,10000,0,10000
32925,Linden,10000,0,10000
33015,Mount Holly,10000,0,10000
33321,Millville,10000,0,10000
33338,Toms River,10000,0,10000
33398,Morristown,10000,0,10000
33597,Robbinsville,10000,0,10000
33650,Lakehurst,10000,0,10000
33685,Berlin,10000,0,10000
33686,West Creek,10000,0,10000
34044,Princeton,10000,0,10000
34461,Red Bank,10000,0,10000
35167,Teterboro,10000,0,10000
35842,Fort Dix,10000,0,10000
36554,Ocean City,10000,0,10000
36609,Lumberton,10000,0,10000
36765,West Milford,10000,0,10000
36824,Cross Keys,10000,0,10000
36832,Hackettstown,10000,0,10000
30266,Alamogordo,10000,0,10000
30404,Artesia,10000,0,10000
30455,Eagle Nest,10000,0,10000
31348,Deming,10000,0,10000
32018,Gallup,10000,0,10000
32177,Hobbs,10000,0,10000
33072,Las Cruces,10000,0,10000
34608,Lovington,10000,0,10000
34640,Raton,10000,0,10000
34646,Ruidoso,10000,0,10000
35051,Silver City/Hurley,10000,0,10000
35148,Tucumcari,10000,0,10000
35159,Truth Or Consequences,10000,0,10000
35833,Portales,10000,0,10000
35941,Aztec,10000,0,10000
35983,Zuni Pueblo,10000,0,10000
36619,Belen,10000,0,10000
36722,Grants,10000,0,10000
30484,Battle Mountain,10000,0,10000
30661,Boulder City,10000,0,10000
30786,Beatty,10000,0,10000
31407,Mercury,10000,0,10000
31547,Ely,10000,0,10000
32347,Indian Springs,10000,0,10000
33039,Lovelock,10000,0,10000
33251,Minden,10000,0,10000
34341,Jackpot,10000,0,10000
34358,Lathrop Wells,10000,0,10000
35308,Tonopah,10000,0,10000
35791,Winnemucca,10000,0,10000
36552,Jean,10000,0,10000
36558,Searchlight,10000,0,10000
36704,Gerlach,10000,0,10000
36789,Pahrump,10000,0,10000
30361,Watertown,10000,0,10000
30445,Alexandria Bay,10000,0,10000
30577,Binghamton,10000,0,10000
31169,Calverton,10000,0,10000
31331,Dunkirk,10000,0,10000
31391,Fort Drum,10000,0,10000
31537,Elmira/Corning,10000,0,10000
31672,Fishers Island,10000,0,10000
31728,Westhampton,10000,0,10000
31764,East Farmingdale,10000,0,10000
31899,Glens Falls,10000,0,10000
32029,Batavia,10000,0,10000
32222,East Hampton,10000,0,10000
32265,Niagara Falls,10000,0,10000
32397,Ithaca/Cortland,10000,0,10000
32490,Garden City,10000,0,10000
32494,Jamestown,10000,0,10000
33008,Lake Placid,10000,0,10000
33490,Massena,10000,0,10000
33493,Monticello,10000,0,10000
33507,Montauk Point,10000,0,10000
33613,Newburgh,10000,0,10000
33781,Kingston,10000,0,10000
33783,Oneonta,10000,0,10000
33832,Ogdensburg,10000,0,10000
33845,Norwich,10000,0,10000
33861,Olean,10000,0,10000
34025,Plattsburgh,10000,0,10000
34212,Poughkeepsie,10000,0,10000
34553,Rome,10000,0,10000
34875,Saranac Lake/Lake Placid,10000,0,10000
35089,Sidney,10000,0,10000
35431,Utica/Rome,10000,0,10000
35656,Saratoga Springs,10000,0,10000
35813,Ovid,10000,0,10000
35848,Shirley,10000,0,10000
36428,Potsdam,10000,0,10000
36443,Millbrook,10000,0,10000
36488,Skaneateles,10000,0,10000
36489,Johnstown,10000,0,10000
36503,Mattituck,10000,0,10000
36555,Hornell,10000,0,10000
36557,Penn Yan,10000,0,10000
36662,Canandaigua,10000,0,10000
36685,Brockport,10000,0,10000
36694,Seneca Falls,10000,0,10000
36703,Ticonderoga,10000,0,10000
36787,Southampton,10000,0,10000
36802,Port Washington,10000,0,10000
36834,South Bethlehem,10000,0,10000
36838,Ellenville,10000,0,10000
36885,Malone,10000,0,10000
30317,Lima ,10000,0,10000
30454,Wapakoneta,10000,0,10000
30632,Wooster,10000,0,10000
31659,Findlay,10000,0,10000
31975,Galion,10000,0,10000
33549,Middletown,10000,0,10000
33833,Washington Court House,10000,0,10000
33834,Bellefontaine,10000,0,10000
33835,Chillicothe,10000,0,10000
33838,Ravenna,10000,0,10000
34096,New Philadelphia,10000,0,10000
34317,Painesville,10000,0,10000
34345,Port Clinton,10000,0,10000
34346,Kelleys Island,10000,0,10000
34360,Put-In-Bay,10000,0,10000
34361,Middle Bass Island,10000,0,10000
34367,North Bass Island,10000,0,10000
35534,Lorain/Elyria,10000,0,10000
36133,Youngstown/Warren,10000,0,10000
36361,Zanesville,10000,0,10000
36464,Bluffton,10000,0,10000
36701,Millersburg,10000,0,10000
36708,Mount Vernon,10000,0,10000
36736,Bowling Green,10000,0,10000
36893,Willoughby,10000,0,10000
30167,Ardmore,10000,0,10000
30393,Antlers,10000,0,10000
30451,Altus,10000,0,10000
30811,Bartlesville,10000,0,10000
31434,Durant,10000,0,10000
31436,Duncan,10000,0,10000
31776,Fort Sill,10000,0,10000
32024,Guymon,10000,0,10000
32891,Lawton/Fort Sill,10000,0,10000
33361,McAlester,10000,0,10000
33740,Afton,10000,0,10000
33851,Oklahoma City,10000,0,10000
34180,Ponca City,10000,0,10000
34542,Poteau,10000,0,10000
30385,Astoria/Seaside,10000,0,10000
30538,Bandon,10000,0,10000
30703,Burns,10000,0,10000
30999,Chiloquin,10000,0,10000
31342,The Dalles,10000,0,10000
31959,Gold Beach,10000,0,10000
32103,Hermiston,10000,0,10000
32462,John Day,10000,0,10000
32594,Prospect,10000,0,10000
32956,La Grande,10000,0,10000
33009,Lakeview,10000,0,10000
33024,Klamath Falls,10000,0,10000
33223,Madras,10000,0,10000
33925,Grants Pass,10000,0,10000
33926,Gleneden,10000,0,10000
33964,North Bend/Coos Bay,10000,0,10000
34249,Prineville,10000,0,10000
34467,Roseburg,10000,0,10000
34489,Bend/Redmond,10000,0,10000
34606,Cave Junction,10000,0,10000
35042,Sunriver,10000,0,10000
35351,Troutdale,10000,0,10000
35536,Enterprise,10000,0,10000
35647,Myrtle Creek,10000,0,10000
35652,Garibaldi,10000,0,10000
35976,Creswell,10000,0,10000
30135,Allentown/Bethlehem/Easton,10000,0,10000
30322,Altoona,10000,0,10000
30434,Scranton/Wilkes-Barre,10000,0,10000
30504,Blue Bell,10000,0,10000
30565,Beaver Falls,10000,0,10000
31165,Coatesville,10000,0,10000
31593,Stroudsburg,10000,0,10000
31684,Franklin/Oil City,10000,0,10000
32070,Harrisburg,10000,0,10000
32259,Hazleton,10000,0,10000
32365,Williamsport,10000,0,10000
32559,Johnstown,10000,0,10000
32898,Latrobe,10000,0,10000
32974,Lock Haven,10000,0,10000
33242,Meadville,10000,0,10000
33446,Mt. Pocono,10000,0,10000
33596,Pottstown,10000,0,10000
33780,Willow Grove,10000,0,10000
34497,Reedsville,10000,0,10000
34600,Perkasie,10000,0,10000
34711,Philipsburg/State College,10000,0,10000
34751,Selinsgrove,10000,0,10000
35021,St. Marys,10000,0,10000
36496,Honesdale,10000,0,10000
36515,West Chester,10000,0,10000
36655,Toughkenamon,10000,0,10000
36664,Gettysburg,10000,0,10000
36666,Collegeville,10000,0,10000
36671,Tarentum,10000,0,10000
36724,Doylestown,10000,0,10000
36800,Essington,10000,0,10000
30351,Arecibo,10000,0,10000
30732,Aguadilla,10000,0,10000
31126,Culebra,10000,0,10000
31284,Dorado,10000,0,10000
31631,Fajardo,10000,0,10000
32226,Humacao,10000,0,10000
33176,Mayaguez,10000,0,10000
33743,Ceiba,10000,0,10000
34254,Ponce,10000,0,10000
35626,Vieques,10000,0,10000
30613,Block Island,10000,0,10000
34778,Smithfield,10000,0,10000
35855,Westerly,10000,0,10000
36353,North Kingstown,10000,0,10000
30836,Rock Hill,10000,0,10000
30945,Clemson,10000,0,10000
31130,Cheraw,10000,0,10000
31135,Myrtle Beach,10000,0,10000
31871,Greenville/Spartanburg,10000,0,10000
32124,Hilton Head,10000,0,10000
32246,Hartsville,10000,0,10000
34707,Winnsboro,10000,0,10000
35727,Bennettsville,10000,0,10000
36528,Walterboro,10000,0,10000
36563,Moncks Corner,10000,0,10000
30141,Aberdeen,10000,0,10000
30409,Watertown,10000,0,10000
32585,Chamberlain,10000,0,10000
34120,Pierre,10000,0,10000
34238,Pine Ridge,10000,0,10000
34457,Rapid City,10000,0,10000
34726,Onida,10000,0,10000
34949,Spearfish,10000,0,10000
35519,Faulkton,10000,0,10000
35829,Fairburn,10000,0,10000
31159,Crossville,10000,0,10000
31870,Greeneville,10000,0,10000
33123,Lawrenceburg,10000,0,10000
33431,Morristown,10000,0,10000
34105,Paris,10000,0,10000
34546,Rockwood,10000,0,10000
34564,McMinnville,10000,0,10000
35093,Shelbyville/Tullahoma,10000,0,10000
35195,Tullahoma,10000,0,10000
35271,Sparta,10000,0,10000
35272,Lewisburg,10000,0,10000
35275,Dyersburg,10000,0,10000
35276,Winchester,10000,0,10000
35323,Bristol/Johnson City/Kingsport,10000,0,10000
35433,Union City,10000,0,10000
35537,Cookeville,10000,0,10000
36419,Sewanee,10000,0,10000
36501,Sevierville,10000,0,10000
36719,Selmer,10000,0,10000
36750,Clevland,10000,0,10000
36812,Lexington Parsons,10000,0,10000
30439,Wake Island,10000,0,10000
32016,Guam,10000,0,10000
32535,Johnston Island,10000,0,10000
33234,Midway Island,10000,0,10000
33826,Ofu,10000,0,10000
34222,Pago Pago,10000,0,10000
34582,Rota,10000,0,10000
34955,Saipan,10000,0,10000
35132,Tau,10000,0,10000
35215,Tinian,10000,0,10000
36631,Fitiuta Village,10000,0,10000
30013,Crosbyton,10000,0,10000
30194,Dallas/Fort Worth,10000,0,10000
30263,Alice,10000,0,10000
30494,Bay City,10000,0,10000
30572,Borger,10000,0,10000
30582,Big Spring,10000,0,10000
30728,Beaumont/Port Arthur,10000,0,10000
30817,Brownwood,10000,0,10000
31049,College Station/Bryan,10000,0,10000
31110,Cotulla,10000,0,10000
31143,Corsicana,10000,0,10000
31309,Dalhart,10000,0,10000
31335,Del Rio,10000,0,10000
31483,Rocksprings,10000,0,10000
31506,Eagle Pass,10000,0,10000
31528,Eagle Lake,10000,0,10000
31582,Kerrville,10000,0,10000
31633,Roma,10000,0,10000
31780,Ft. Stockton,10000,0,10000
31800,Sonora,10000,0,10000
32083,Hebbronville,10000,0,10000
32206,Harlingen/San Benito,10000,0,10000
32948,Lufkin,10000,0,10000
32999,Lake Jackson,10000,0,10000
33158,Midland/Odessa,10000,0,10000
33256,Mission/McAllen/Edinburg,10000,0,10000
33448,Mount Pleasant,10000,0,10000
33547,Mineral Wells,10000,0,10000
33733,Kingsville,10000,0,10000
33995,Ozona,10000,0,10000
34070,Pecos City,10000,0,10000
34194,Sherman-Denison,10000,0,10000
34247,Paris,10000,0,10000
34260,Palestine,10000,0,10000
34265,Palacios,10000,0,10000
34315,Plainview,10000,0,10000
34375,Levelland,10000,0,10000
34435,San Marcos,10000,0,10000
34541,Rockport,10000,0,10000
34842,San Angelo,10000,0,10000
34881,Sulphur Springs,10000,0,10000
35394,Denver City,10000,0,10000
35395,Port Isabel,10000,0,10000
35396,Ballinger,10000,0,10000
35399,Post,10000,0,10000
35669,Hondo,10000,0,10000
35683,Mineola,10000,0,10000
36412,Slaton,10000,0,10000
36535,Winters,10000,0,10000
36541,Midlothian/Waxahachie,10000,0,10000
36648,Brady,10000,0,10000
36661,Marfa,10000,0,10000
36675,Hereford,10000,0,10000
36680,Junction,10000,0,10000
36683,Encino,10000,0,10000
36689,Castroville ,10000,0,10000
36725,China Spring,10000,0,10000
36759,Carrizo Springs,10000,0,10000
36762,Van Horn,10000,0,10000
36826,Dumas,10000,0,10000
36862,Brenham,10000,0,10000
36865,Lajitas,10000,0,10000
36877,Leakey,10000,0,10000
36880,Graford,10000,0,10000
30511,Bryce Canyon,10000,0,10000
30524,Blanding,10000,0,10000
30680,Brigham City,10000,0,10000
30918,Cedar City,10000,0,10000
31092,Moab,10000,0,10000
31377,Dugway,10000,0,10000
31563,Wendover,10000,0,10000
32745,Kanab,10000,0,10000
33553,Monticello,10000,0,10000
34359,Green River,10000,0,10000
34527,Richfield,10000,0,10000
34614,Salt Lake City,10000,0,10000
34615,Parowan,10000,0,10000
34697,Salina,10000,0,10000
34794,St. George,10000,0,10000
35498,Heber,10000,0,10000
35521,Dutch John,10000,0,10000
35532,Monument Valley,10000,0,10000
35582,Vernal,10000,0,10000
35972,Hurricane,10000,0,10000
36735,Glen Canyon,10000,0,10000
36823,North Salt Lake,10000,0,10000
36867,Spanish Fork,10000,0,10000
30508,Blacksburg,10000,0,10000
30990,Charlottesville,10000,0,10000
31261,Danville,10000,0,10000
31769,Front Royal,10000,0,10000
32027,Gordonville,10000,0,10000
33268,Melfa,10000,0,10000
33418,Manassas,10000,0,10000
34378,Martinsville,10000,0,10000
34702,South Boston,10000,0,10000
34802,Staunton,10000,0,10000
35545,Emporia,10000,0,10000
35547,Marion/Wytheville,10000,0,10000
35713,Chincoteague,10000,0,10000
35749,Winchester,10000,0,10000
35927,Reston,10000,0,10000
36678,Moneta,10000,0,10000
36700,Bridgewater,10000,0,10000
36742,Fort A P Hill,10000,0,10000
36829,Abingdon,10000,0,10000
34833,St. John,10000,0,10000
34945,Charlotte Amalie,10000,0,10000
34992,Christiansted,10000,0,10000
33014,Lyndonville,10000,0,10000
33450,Montpelier/Barre,10000,0,10000
33535,Morrisville,10000,0,10000
36431,Middlebury,10000,0,10000
36573,West Dover,10000,0,10000
30844,Blakely Island,10000,0,10000
31050,Port Angeles,10000,0,10000
31056,Chehalis,10000,0,10000
31209,Center Island,10000,0,10000
31431,Decatur Island,10000,0,10000
31470,Wenatchee,10000,0,10000
31538,Ellensburg,10000,0,10000
31567,Ephrata/Moses Lake,10000,0,10000
31588,Eastsound,10000,0,10000
31646,Friday Harbor,10000,0,10000
31804,Othello,10000,0,10000
32200,Hoquiam,10000,0,10000
32725,Kelso,10000,0,10000
33055,Lopez Island,10000,0,10000
33540,Burlington/Mount Vernon,10000,0,10000
33546,Moses Lake,10000,0,10000
33772,Whidbey Island,10000,0,10000
33821,Oak Harbor,10000,0,10000
33876,Omak,10000,0,10000
33968,Anacortes,10000,0,10000
34252,Pasco/Kennewick/Richland,10000,0,10000
34295,Poulsbo,10000,0,10000
34303,Pullman,10000,0,10000
34323,Bremerton,10000,0,10000
34377,Crane Island,10000,0,10000
34477,Roche Harbor,10000,0,10000
34597,Prosser,10000,0,10000
34628,Rosario,10000,0,10000
34810,Shelton,10000,0,10000
34972,Sequim,10000,0,10000
35003,Stuart Island,10000,0,10000
35387,Port Townsend,10000,0,10000
35705,Medical Lake,10000,0,10000
35706,Winthrop,10000,0,10000
35707,Stehekin,10000,0,10000
35762,Wilbur,10000,0,10000
35821,Connell,10000,0,10000
35856,Westsound,10000,0,10000
35870,Ocean Shores,10000,0,10000
35938,Copalis,10000,0,10000
35944,Port Orchard,10000,0,10000
36358,Waterville,10000,0,10000
36587,Deer Harbor,10000,0,10000
36635,Camp Orkila Eastsound,10000,0,10000
36638,Shaw Island,10000,0,10000
36870,Deer Park,10000,0,10000
30363,Minocqua/Woodruff,10000,0,10000
30424,Wausau/Mosinee/Stevens Point,10000,0,10000
31046,Clintonville,10000,0,10000
31510,Eagle River,10000,0,10000
31977,Green Bay,10000,0,10000
32396,Wisconsin Rapids,10000,0,10000
32571,Beloit/Janesville,10000,0,10000
33030,Land O' Lakes,10000,0,10000
33260,Marshfield,10000,0,10000
34039,Prairie Du Chien,10000,0,10000
34520,Rhinelander,10000,0,10000
34526,Rice Lake,10000,0,10000
35033,Sturgeon Bay,10000,0,10000
35047,Superior,10000,0,10000
35620,Camp Douglas,10000,0,10000
35760,Black River Falls,10000,0,10000
35907,Lake Geneva,10000,0,10000
36612,Ehpriam,10000,0,10000
36740,Lone Rock,10000,0,10000
36746,New Richmond,10000,0,10000
36752,Middleton,10000,0,10000
36766,Moroe,10000,0,10000
36896,West Bend,10000,0,10000
30654,Beckley,10000,0,10000
30663,Princeton/Bluefield,10000,0,10000
31027,Clarksburg/Fairmont,10000,0,10000
31146,Charleston/Dunbar,10000,0,10000
31524,Elkins,10000,0,10000
32153,Wheeling,10000,0,10000
33121,Lewisburg,10000,0,10000
33282,Morgantown,10000,0,10000
33463,Martinsburg,10000,0,10000
34131,Parkersburg,10000,0,10000
36514,Petersburg,10000,0,10000
30191,Afton,10000,0,10000
31097,Cody,10000,0,10000
31482,Newcastle,10000,0,10000
31551,Kemmerer,10000,0,10000
31645,Fort Bridger,10000,0,10000
31865,Gillette,10000,0,10000
31893,Greybull,10000,0,10000
34534,Riverton/Lander,10000,0,10000
34543,Rock Springs,10000,0,10000
35032,Sundance,10000,0,10000
35200,Thermopolis,10000,0,10000
35299,Torrington,10000,0,10000
35843,Worland,10000,0,10000
35892,Pinedale,10000,0,10000
36511,Big Piney,10000,0,10000
99999,Unknown Point in Alaska,10000,0,10000
31557,Enid,49688,-0.000704395,10000
35074,Stillwater,50299,-0.0035786,57382
31939,Galveston,50446,0.000991159,57941
32511,Joplin,50925,0.006303387,10000
32110,Hoffman,50932,-0.00351449,10000
32965,Logan,51542,0.004035544,34433
36486,Logan,51542,0.004035544,34433
31523,Elkhart,52358,-0.000286489,49875
36569,Summerville,52549,0.012730975,10000
33865,Olympia,52882,0.00707235,10000
33728,Pensacola,52975,0.006380368,10000
33364,Milford,53195,0.000883542,10000
36816,Delano,53573,0.01217031,10000
32934,Leesburg,53727,-0.000670054,10000
35548,Leesburg,53727,-0.000670054,10000
35877,Watsonville,53856,-0.000352793,10000
34616,Burlington,54606,0.012727539,67154
30744,Burlington,54606,0.012727539,67154
32796,Burlington,54606,0.012727539,67154
30495,Burlington,54606,0.012727539,67154
36538,Burlington,54606,0.012727539,67154
30785,Burlington,54606,0.012727539,67154
30223,Anderson,54765,-0.002154661,43864
30300,Anderson,54765,-0.002154661,43864
34641,Colton,54824,0.003410915,10000
36717,Bentonville,54909,0.069314684,10000
33725,Novato,55516,-0.00223359,10000
35550,Valdosta,56457,0.000513665,10000
34113,Pocatello,56637,0.011564878,10000
33461,Smyrna,56666,0.002717679,10000
36477,Taunton,57464,0.001722818,10000
35649,Hanford,57703,0.012685649,10000
35659,Parker,57706,0.032804214,59929
31274,Dubuque,57882,-0.001606717,54751
31122,Casper,57931,0.007180957,10000
36749,Richland,58225,0.011884929,46318
34548,Richland,58225,0.011884929,46318
36873,Caldwell,58481,0.03425044,40364
30927,Caldwell,58481,0.03425044,40364
31198,Corvallis,58856,-0.00191994,10000
34275,Pontiac,59438,-0.005097749,10000
32039,Greenwood,59458,0.012731676,46032
31978,Greenwood,59458,0.012731676,46032
34283,Porterville,59599,-0.001442977,10000
33983,Owensboro,60131,0.006419318,10000
33173,Malden,60470,-0.004382338,10000
35525,Petaluma,60520,-0.021579643,10000
34609,Woodland,60548,0.001222171,10000
33809,Ocala,60786,0.008422992,10000
33273,Marietta,60867,0.003614438,10000
35388,Taylor,60922,-0.003955878,33227
35413,Taylor,60922,-0.003955878,33227
34761,Sanford,61448,0.02182333,10000
34769,Sanford,61448,0.02182333,10000
36726,Sanford,61448,0.02182333,10000
32058,Hamilton,62082,-0.000805386,29383
35815,Hamilton,62082,-0.000805386,29383
36452,Hamilton,62082,-0.000805386,29383
32068,Hamilton,62082,-0.000805386,29383
31008,Council,62166,-0.000884728,10000
35786,Waltham,62495,-0.001088087,10000
36710,Haverhill,64014,0.001374699,10000
31233,Cheyenne,64235,0.006227135,61731
31272,Dublin,64826,0.021642551,10000
34258,Dublin,64826,0.021642551,10000
34713,Schenectady,65273,-0.001103059,58210
31508,Wellington,65398,0.005198936,10000
35255,Tulare,65496,0.018657628,46348
30825,Blaine,65607,0.008002195,117681
35947,Jupiter,65791,0.006292654,10000
34916,Shawnee,65807,-0.00191469,51216
33157,Madera,65860,0.006377164,44532
30294,Ames,66258,0.003878777,10000
35569,Victoria,66916,0.001210473,53881
33949,Oshkosh,67004,0.003014745,10000
30268,Waterloo,67328,-0.005851949,10000
32317,Ankeny,67355,0.031282013,10000
35662,Lodi,67586,0.008626047,10000
30346,Conway,67638,0.008959461,40633
34708,Conway,67638,0.008959461,40633
31842,Gaithersburg,67985,-0.001250276,10000
34577,Rogers,68669,0.015057741,50583
31308,Dothan,68941,0.008761115,10000
36881,Davis,69413,0.002780459,41649
32216,Homestead,69523,0.003869223,10000
30857,Camarillo,69888,0.014380151,10000
30474,Marysville,70298,0.009843808,10000
33836,Marysville,70298,0.009843808,10000
36656,Canton,70447,-0.004329496,10000
30630,Broomfield,70465,0.016192436,67495
31282,Decatur,70746,-0.005512679,40879
31288,Decatur,70746,-0.005512679,40879
35979,Decatur,70746,-0.005512679,40879
34495,Redlands,71513,0.001356397,10000
31656,Frederick,72244,0.004138752,66664
31657,Frederick,72244,0.004138752,66664
35440,Waukesha,72299,-0.002130043,75958
34400,Mansfield,72419,0.022411246,10000
33255,Mansfield,72419,0.022411246,10000
35703,Mansfield,72419,0.022411246,10000
34280,Pittsburg,72588,0.001901141,40786
31613,Evanston,73473,-0.007036598,10000
30921,Camden,73562,-0.002215818,39262
30924,Camden,73562,-0.002215818,39262
30408,Appleton,74098,-0.003778779,10000
31695,Flagstaff,75038,0.017004718,10000
33486,Missoula,75516,0.008395572,54353
36544,Hammond,75522,-0.004700617,10000
30469,Kalamazoo,76200,-0.003713911,52403
34447,Racine,76760,-0.0041037,53094
36878,Baytown,77192,0.007772826,10000
33619,Gastonia,77273,0.005021159,10000
30327,Napa,78130,-0.010444132,82408
32455,Jonesboro,78394,0.014797051,10000
35310,Temple,78439,0.028990681,10000
31883,Georgetown,79604,0.066943872,51775
31396,Georgetown,79604,0.066943872,51775
31904,Georgetown,79604,0.066943872,51775
32008,Georgetown,79604,0.066943872,51775
34157,Plymouth,79768,0.005302878,59460
34332,Plymouth,79768,0.005302878,59460
31634,Farmington,80612,-0.004056468,10000
31711,Farmington,80612,-0.004056468,10000
36751,Farmington,80612,-0.004056468,10000
34964,Springdale,81125,0.002687211,10000
34899,Somerville,81360,3.69E-05,10000
30419,Auburn,81464,-0.003989492,10000
30418,Auburn,81464,-0.003989492,10000
32336,Auburn,81464,-0.003989492,10000
31905,Longview,81631,0.005390109,10000
36795,Buena,81788,-0.004878466,10000
33139,Lynchburg,82168,0.010454191,10000
33360,Melbourne,83029,0.005130737,10000
33264,Medford,83072,0.008895898,10000
33219,Medford,83072,0.008895898,10000
36707,Franklin,83097,0.024910647,37362
35356,Trenton,83203,-0.004819538,10000
33194,Merced,83676,0.006728333,43914
36523,Troy,84092,-0.000225943,10000
36356,Kennewick,84347,0.019573903,10000
33890,Newport,84534,-0.006387962,76214
33731,Newport,84534,-0.006387962,76214
31496,Newport,84534,-0.006387962,76214
31364,Danbury,84694,0.000224337,10000
30958,Clifton,85052,-0.002339745,10000
35866,Whittier,85098,-0.008143552,10000
32166,Hemet,85334,0.00217967,10000
31337,Duluth,85618,-0.002779789,10000
30683,Bloomington,85755,0.007183255,10000
32220,Hawthorne,86068,-0.007006088,10000
35447,Waukegan,86075,-0.007028754,10000
32131,Ogden,87773,0.006505417,10000
36884,Reading,88375,-0.001889675,10000
34488,Reading,88375,-0.001889675,10000
35287,Newton,88414,-0.002567467,32731
31616,Newton,88414,-0.002567467,32731
32579,Newton,88414,-0.002567467,32731
30374,Nashua,89355,0.005416597,10000
33117,Livermore,90189,-0.000709621,10000
31219,Conroe,91079,0.038439157,10000
36803,Suffolk,92108,0.012300777,90571
30666,Bellingham,92314,0.020040297,10000
33792,Redding,92590,0.010627498,10000
30431,Asheville,92870,0.002584258,10000
36895,Greenville,93400,0.00761242,52213
33300,Greenville,93400,0.00761242,52213
31931,Greenville,93400,0.00761242,52213
34092,Greenville,93400,0.00761242,52213
32031,Greenville,93400,0.00761242,52213
36101,Yakima,93637,0.000950479,49099
31086,Chino,94371,0.031948374,10000
34259,Portsmouth,94398,-0.003728893,44871
34165,Portsmouth,94398,-0.003728893,44871
31812,Quincy,94470,0.00070922,10000
35454,Quincy,94470,0.00070922,10000
36618,Quincy,94470,0.00070922,10000
32592,Quincy,94470,0.00070922,10000
36582,Tracy,94740,0.030842305,10000
34588,Roswell,94763,0.001034159,10000
31577,Erie,95508,-0.008271558,56748
31721,Flint,95538,-0.004061211,10000
35819,Hesperia,95750,0.007697128,10000
33917,Sandy,96380,-0.003704088,10000
30146,Albany,96460,-0.005712212,66632
30257,Albany,96460,-0.005712212,66632
32961,Longmont,97261,0.00745417,10000
33122,Lawrence,98193,0.010245129,38098
33125,Lawrence,98193,0.010245129,38098
33785,Yuma,98285,0.006481152,40800
34574,Roanoke,99143,0.001351583,46727
31564,Kenosha,99944,0.000360202,51229
36546,Bend,100421,0.027892572,10000
35153,Tuscaloosa,101129,0.00928517,42868
36871,Edinburg,101170,0.030977563,10000
34572,Renton,101751,-0.000353805,10000
31002,Chico,103301,0.086727137,10000
34960,Wichita Falls,104683,0.003123716,10000
35411,Tyler,106985,0.012310137,36694
34905,Santa Maria,107263,0.00041953,10000
33987,Waterbury,107568,-0.005159527,10000
34660,Greeley,108649,0.010805438,89737
36839,Hillsboro,109128,0.008494612,10000
32136,Hillsboro,109128,0.008494612,10000
30620,Billings,109577,0.001213758,82466
34604,Lowell,110997,-0.003288377,10000
34004,Everett,111475,0.00347163,10000
34223,Pompano Beach,112118,0.004299042,10000
34288,Pueblo,112361,0.005660327,43196
34417,Westminster,113166,-0.000539031,10000
33241,Meridian,114161,0.067422325,10000
31197,Clovis,114584,0.024087133,10000
31041,Carlsbad,115382,-0.001178693,10000
31085,Carlsbad,115382,-0.001178693,10000
31554,El Monte,115487,0.001549958,10000
34314,Provo,116618,-0.0001029,10000
35663,Independence,116672,-0.002957008,38266
32283,Independence,116672,-0.002957008,38266
35045,Fairfield,117133,0.003884473,120244
36792,Fairfield,117133,0.003884473,120244
31612,Evansville,117979,-0.000686563,10000
32884,Lansing,118210,0.002360206,10000
34792,Sugar Land,118488,-0.002439066,10000
32495,Cambridge,118927,0.006525011,10000
30964,Cambridge,118927,0.006525011,10000
30348,Ann Arbor,119980,-0.012077013,10000
30529,Hartford,122105,-0.003693542,67938
35570,Victorville,122385,0.003538015,10000
34366,Abilene,123420,0.005226057,10000
30136,Abilene,123420,0.005226057,10000
32320,Wilmington,123744,0.009115593,10000
32323,Wilmington,123744,0.009115593,10000
32324,Wilmington,123744,0.009115593,10000
31637,Fargo,124662,0.004580385,10000
33976,Norman,124880,0.008295964,51626
31726,Topeka,125310,-0.003734738,10000
31836,Lafayette,126185,-0.001474026,38307
32878,Lafayette,126185,-0.001474026,38307
32951,Lafayette,126185,-0.001474026,38307
36676,Lafayette,126185,-0.001474026,38307
32544,Concord,129295,-0.003464945,10000
31106,Concord,129295,-0.003464945,10000
32244,New Haven,130250,0.001973129,60092
31095,Columbia,131674,-0.008323587,38806
30868,Columbia,131674,-0.008323587,38806
33464,Columbia,131674,-0.008323587,38806
33839,Kent,132319,0.004421134,46600
36608,Warren,133943,-0.003232718,39545
31953,Gainesville,133997,0.002477667,10000
32028,Gainesville,133997,0.002477667,10000
36642,Gainesville,133997,0.002477667,10000
36814,Hampton,134510,0.00133819,39185
32198,Hampton,134510,0.00133819,39185
36534,Hampton,134510,0.00133819,39185
35601,Visalia,134605,0.008744103,10000
30994,Charleston,137566,0.010576741,66656
35873,Charleston,137566,0.010576741,66656
32536,Orange,138669,-0.005624905,74618
32580,Orange,138669,-0.005624905,74618
34406,Orange,138669,-0.005624905,74618
30155,Waco,139236,0.009695768,10000
31837,Carrollton,139248,0.0160505,10000
31267,Dayton,140407,-0.000227909,10000
36863,Dayton,140407,-0.000227909,10000
33259,Mesquite,140937,-0.011231969,10000
35393,Mesquite,140937,-0.011231969,10000
31430,Denton,141541,0.022791983,63283
35096,Syracuse,142327,-0.002936899,10000
35289,Torrance,143592,-0.007758092,37276
30535,Bridgeport,144399,-0.00258312,10000
34685,Savannah,144464,-0.009365655,10000
34512,Rockford,145609,-0.00479366,10000
31982,Killeen,151666,0.019668218,10000
32971,Lancaster,157601,-0.006478385,52887
33032,Lancaster,157601,-0.006478385,52887
36847,Lancaster,157601,-0.006478385,52887
35964,Lakewood,157935,0.007933644,10000
31035,Clarksville,158146,0.011192189,10000
32247,Hayward,159203,-0.003498678,10000
32254,Hayward,159203,-0.003498678,10000
30185,Alexandria,159428,0.0022518,93835
30449,Alexandria,159428,0.0022518,93835
32576,Jackson,160628,-0.019573175,40089
33335,Jackson,160628,-0.019573175,40089
33348,Jackson,160628,-0.019573175,40089
32441,Jackson,160628,-0.019573175,40089
34952,Springfield,167882,0.002043102,10000
34783,Springfield,167882,0.002043102,10000
34785,Springfield,167882,0.002043102,10000
31387,Springfield,167882,0.002043102,10000
35634,Springfield,167882,0.002043102,10000
31782,Fort Collins,170243,0.011272123,10000
31603,Eugene,172622,0.011128361,10000
34878,Salem,174365,0.00985863,54578
34871,Salem,174365,0.00985863,54578
33813,Oceanside,175742,-9.10E-05,10000
34108,Peoria,175961,0.021016021,54609
34433,Santa Rosa,176753,1.70E-05,49472
30747,Brownsville,182781,0.002451021,10000
30980,Chattanooga,182799,0.004819501,10000
31775,Sioux Falls,183793,0.018471868,10000
35640,Vancouver,184463,0.008543719,10000
33889,Ontario,185010,0.023198746,59335
33933,Worcester,185428,-0.000684902,59881
30476,Shreveport,187112,-0.012014195,10000
33989,Knoxville,187603,0.001284628,10000
35412,Knoxville,187603,0.001284628,10000
30562,Mobile,188720,-0.005770454,42823
35249,Tallahassee,194500,0.008930591,10000
31971,Grand Prairie,194543,0.002847699,10000
32600,Little Rock,197312,-0.000871716,10000
30246,Akron,197597,-0.001452451,10000
33277,Montgomery,198525,-0.001883894,47776
33275,Montgomery,198525,-0.001883894,47776
30279,Amarillo,199371,0.000942966,10000
30255,Huntsville,200574,0.012209957,10000
31986,Grand Rapids,201013,0.004362902,10000
31974,Grand Rapids,201013,0.004362902,10000
32547,Rochester,205695,-0.001502224,10000
34576,Rochester,205695,-0.001502224,10000
30599,Birmingham,209403,-0.005176621,10000
31834,Fayetteville,211657,0.004294684,10000
31641,Fayetteville,211657,0.004294684,10000
31423,Des Moines,214237,-0.008201198,51704
33424,Modesto,215196,0.00375007,10000
34691,San Bernardino,215784,-0.002497868,44831
31979,Tacoma,217827,0.007877811,10000
30781,Baton Rouge,220236,-0.008872301,10000
31884,Spokane,222081,0.012378366,50038
30713,Boise,228959,0.002258046,45422
34525,Richmond,230436,0.005272614,41999
35524,Richmond,230436,0.005272614,41999
34524,Richmond,230436,0.005272614,41999
31663,Fremont,241110,0.013682552,38952
36456,Fremont,241110,0.013682552,38952
33825,Norfolk,242742,-0.003472823,98019
33667,Norfolk,242742,-0.003472823,98019
35546,Chesapeake,244835,0.010112933,53622
32348,Winston-Salem,247945,0.005686745,10000
30792,Buffalo,255284,-0.001946851,60230
30837,Buffalo,255284,-0.001946851,60230
34570,Reno,255601,0.021341857,44529
32896,Lubbock,258862,0.009244308,46502
36493,Madison,259680,0.007031731,57128
35915,Madison,259680,0.007031731,57128
33485,Madison,259680,0.007031731,57128
30982,Chandler,261165,0.015235579,10000
33038,Laredo,262491,0.006228785,10000
31823,Fort Wayne,270402,0.010880097,10000
35165,Toledo,272779,-0.00764355,10000
31454,Orlando,287442,0.005354124,10000
30299,Anchorage,288000,-0.008753472,10000
32308,Lincoln,289102,0.007512919,29008
33029,Lincoln,289102,0.007512919,29008
36757,Greensboro,296710,0.007387685,10000
30198,Pittsburgh,300286,-0.000945765,10000
31123,St. Louis,300576,-0.009458506,50986
33105,Cincinnati,303940,0.005471475,10000
34716,Stockton,312697,0.003418645,10000
32862,Henderson,320189,0.033327191,48805
31140,Corpus Christi,326586,0.000854293,10000
34454,Riverside,331360,0.005148479,45834
32134,Honolulu,345064,-0.005451163,62793
30297,Anaheim,350365,-0.000950437,10000
30427,Aurora,379289,0.012436427,50586
31811,Aurora,379289,0.012436427,50586
30647,Cleveland,381009,-0.005787265,40366
30561,Bakersfield,384145,0.00632834,10000
30928,Wichita,389938,0.001813109,61032
33495,New Orleans,390144,-0.002204314,10000
32598,Arlington,398854,0.001832751,100823
35660,Arlington,398854,0.001832751,100823
33195,Tampa,399700,0.006174631,10000
34653,Tulsa,401190,0.001934246,65519
33805,Oakland,433031,0.009179481,76941
32467,Miami,467963,0.010992322,37669
33314,Miami,467963,0.010992322,37669
33316,Omaha,478192,0.001867451,10000
30189,Colorado Springs,478221,0.011822986,10000
30397,Atlanta,506811,0.017024098,10000
33192,Sacramento,513624,0.011461692,58307
33480,Mesa,518012,0.019433913,48435
31638,Fresno,531576,0.00519587,48495
30436,Tucson,548073,0.005866007,10000
30140,Albuquerque,560513,0.001577127,10000
33342,Milwaukee,590157,-0.002063858,51002
33044,Louisville,617638,-0.001387544,10000
33023,Louisville,617638,-0.001387544,10000
33244,Memphis,651073,-4.76E-05,10000
33120,Las Vegas,651319,0.012422484,10000
32211,Las Vegas,651319,0.012422484,10000
34321,Portland,654741,0.005962663,10000
34057,Portland,654741,0.005962663,10000
32587,Portland,654741,0.005962663,10000
31295,Detroit,670031,-0.004396811,10000
30693,Nashville,670820,0.005685579,10000
30721,Boston,692600,0.002097892,10000
30852,Washington,705749,0.005953958,40371
36882,Washington,705749,0.005953958,40371
33420,Washington,705749,0.005953958,40371
33814,Washington,705749,0.005953958,40371
35847,Washington,705749,0.005953958,40371
30325,Denver,727211,0.015052028,85411
30559,Seattle,753675,0.015178956,10000
32337,Indianapolis,876384,0.006189068,10000
32457,San Francisco,881549,0.000967615,144818
31057,Charlotte,885708,0.014896557,45606
31150,Columbus,898553,0.008551527,37112
31058,Columbus,898553,0.008551527,37112
30894,Columbus,898553,0.008551527,37112
33869,Columbus,898553,0.008551527,37112
31066,Columbus,898553,0.008551527,37112
33063,Jacksonville,911507,0.009950554,10000
31136,Jacksonville,911507,0.009950554,10000
32310,Jacksonville,911507,0.009950554,10000
32508,Jacksonville,911507,0.009950554,10000
30383,Austin,978908,0.016793202,55686
30423,Austin,978908,0.016793202,55686
33570,San Diego,1423851,0.001358288,66266
33214,San Antonio,1547253,0.011140389,10000
36462,Philadelphia,1584064,0.000297968,58941
34100,Philadelphia,1584064,0.000297968,58941
30466,Phoenix,1680992,0.015655637,10000
31453,Houston,2320268,0.000730519,47072
30977,Chicago,2693976,-0.002764316,10000
32575,Los Angeles,3979576,0.00049754,68272
31703,New York,8336817,-0.006389009,74472